Income,Kidhome,Teenhome,Recency,NumDealsPurchases,NumWebPurchases,NumCatalogPurchases,NumStorePurchases,NumWebVisitsMonth,Age,MntTotal,TotalCampAccepted,Customer_years,labels
58138.0,0,0,58,3,8,10,4,7,64,1617,1,9,3
46344.0,1,1,38,2,1,1,2,5,67,27,0,7,2
71613.0,0,0,26,1,8,2,10,4,56,776,0,8,1
26646.0,1,0,26,2,2,0,4,6,37,53,0,7,2
58293.0,1,0,94,5,5,3,6,5,40,422,0,7,2
62513.0,0,1,16,2,6,4,10,6,54,716,0,8,3
55635.0,0,1,34,4,7,3,7,6,50,590,0,9,3
33454.0,1,0,32,2,4,0,4,8,36,169,0,8,2
30351.0,1,0,19,1,3,0,2,9,47,46,1,8,2
5648.0,1,1,68,1,1,0,0,20,71,49,1,7,2
52247.25135379061,1,0,11,1,1,0,2,7,38,19,0,8,2
7500.0,0,0,59,1,2,0,3,8,45,61,0,9,2
63033.0,0,0,82,1,3,4,8,2,62,1102,0,8,1
59354.0,1,1,53,3,6,1,5,6,69,310,0,8,0
17323.0,0,0,38,1,1,0,3,8,34,46,0,9,2
82800.0,0,0,23,1,7,6,12,3,75,1315,3,9,1
41850.0,1,1,51,3,3,0,3,8,41,96,0,9,0
37760.0,0,0,20,2,4,1,6,7,75,317,0,9,0
76995.0,0,1,91,2,11,4,9,5,72,1782,1,8,3
33812.0,1,0,86,2,2,1,3,6,36,133,0,9,2
37040.0,0,0,41,1,4,2,5,8,39,316,0,9,2
2447.0,1,0,42,15,0,28,0,1,42,1730,0,8,3
58607.0,0,1,63,3,2,3,9,8,72,972,1,9,3
65324.0,0,1,0,3,6,2,9,4,67,544,0,7,3
40689.0,0,1,69,7,7,1,5,8,70,444,0,8,0
18589.0,0,0,89,2,2,1,3,7,52,75,0,8,2
53359.0,1,1,4,4,5,1,4,7,45,257,0,8,0
52247.25135379061,1,0,19,0,27,0,0,1,35,637,0,8,3
38360.0,1,0,26,2,2,1,4,3,32,131,0,8,2
84618.0,0,0,96,1,6,9,10,2,56,1672,1,8,1
10979.0,0,0,34,2,3,0,3,5,32,30,0,7,2
38620.0,0,0,56,1,2,5,3,3,58,318,0,8,2
40548.0,0,1,31,2,2,1,4,5,51,120,1,9,0
46610.0,0,2,8,6,4,1,6,6,69,302,1,9,0
68657.0,0,0,4,1,3,5,9,7,75,1196,0,8,3
49389.0,1,1,55,1,2,0,3,7,70,65,0,8,2
67353.0,0,1,37,5,5,6,12,2,51,913,0,8,3
23718.0,1,0,76,3,3,1,2,7,45,81,0,8,2
42429.0,0,1,99,2,1,1,3,5,48,67,0,7,2
48948.0,0,0,53,2,7,10,5,6,78,902,2,8,3
80011.0,0,1,3,2,8,6,5,4,41,1395,0,8,3
20559.0,1,0,88,2,2,0,3,8,36,53,0,8,2
21994.0,0,1,4,1,0,0,3,5,64,22,0,9,2
52247.25135379061,0,0,80,1,1,3,4,2,62,186,0,8,2
7500.0,1,0,19,3,2,0,3,5,46,31,0,8,2
79941.0,0,0,72,1,2,4,9,1,45,984,0,7,1
7500.0,0,0,24,3,3,1,3,9,25,122,1,9,2
41728.0,1,0,92,1,2,0,2,10,53,55,0,8,2
52247.25135379061,2,1,96,3,2,1,4,6,70,124,0,7,2
72550.0,1,1,39,9,5,2,12,8,67,1319,0,9,3
65486.0,0,1,29,1,4,2,10,2,64,507,0,7,3
79143.0,0,0,2,1,6,9,13,3,57,1693,0,9,1
35790.0,1,0,54,2,2,0,3,7,44,72,0,8,2
82582.0,0,0,54,1,4,9,7,1,44,1617,3,7,1
66373.0,1,1,57,7,4,2,10,3,43,606,0,8,0
82384.0,0,0,55,1,3,10,13,1,66,1957,2,9,1
70287.0,0,0,30,1,5,5,10,3,55,1093,1,8,1
27938.0,1,0,31,1,1,0,4,3,33,29,0,7,2
52247.25135379061,1,0,57,2,2,0,3,6,39,46,0,8,2
55954.0,0,1,63,3,8,2,6,7,53,518,0,7,3
75777.0,0,0,12,1,3,6,11,1,39,1438,3,8,1
66653.0,1,1,18,4,4,2,12,3,46,612,0,9,3
61823.0,0,1,26,4,8,2,10,7,69,884,0,8,3
67680.0,0,1,8,1,7,3,8,5,70,606,0,8,3
70666.0,0,0,29,1,7,4,4,4,73,1076,0,8,1
25721.0,1,0,75,1,1,1,2,7,50,34,1,8,2
32474.0,1,1,0,1,1,0,2,7,54,11,0,7,2
88194.0,0,1,19,1,11,10,10,5,42,1274,3,7,1
69096.0,0,1,4,1,5,2,10,4,63,653,0,8,3
74854.0,1,2,90,7,2,5,5,5,51,1562,0,8,3
66991.0,0,0,1,3,4,8,6,3,67,1253,0,9,3
52247.25135379061,1,0,25,3,3,0,3,8,48,109,0,9,2
65031.0,0,1,29,4,10,3,13,7,62,863,0,8,3
60631.0,1,1,88,5,9,2,8,7,46,661,1,8,0
28332.0,0,0,58,1,2,1,4,2,69,65,0,7,2
40246.0,1,0,68,1,1,0,2,6,44,13,0,9,2
75251.0,0,0,34,1,7,6,5,5,49,1890,1,9,1
75825.0,0,0,40,0,5,8,9,4,45,2209,2,9,1
26326.0,0,0,12,1,0,0,3,3,45,18,0,8,2
56046.0,0,0,9,2,10,1,8,8,56,692,2,8,3
29760.0,1,0,87,4,3,1,4,8,36,165,0,9,2
26304.0,1,0,5,1,1,0,2,7,52,16,0,8,2
23559.0,1,0,87,3,3,0,3,7,48,79,0,8,2
38620.0,0,0,56,1,2,5,3,3,58,318,0,8,2
81361.0,0,0,18,1,3,10,13,1,34,778,0,7,1
29440.0,1,1,95,2,1,0,4,7,61,56,0,8,2
36138.0,1,1,48,5,3,1,4,7,51,151,1,8,0
50388.0,0,1,3,4,6,1,6,7,64,372,3,7,3
79593.0,0,0,70,1,5,6,7,2,48,1366,1,7,1
54178.0,0,1,79,1,2,2,5,2,54,194,0,7,2
52247.25135379061,2,1,4,12,7,2,8,9,64,603,0,9,0
52247.25135379061,1,1,45,1,1,0,2,7,64,18,0,7,2
52247.25135379061,0,0,87,1,2,4,8,1,48,985,0,8,1
42394.0,1,0,69,1,1,0,3,7,49,32,0,7,2
23626.0,1,0,84,3,3,1,3,5,51,43,0,7,2
30096.0,1,0,30,1,2,0,3,6,38,45,0,7,2
47916.0,0,1,72,5,7,4,6,6,61,606,1,9,3
51813.0,1,1,37,2,2,0,3,7,49,63,0,8,2
78497.0,0,0,44,1,5,7,12,2,70,978,1,8,1
50150.0,0,0,32,2,5,2,7,5,38,410,0,8,2
47823.0,0,1,0,2,2,0,3,8,61,72,0,8,0
34554.0,0,1,43,2,2,0,3,6,62,55,0,7,2
85693.0,0,1,59,2,9,5,11,5,42,1169,0,8,3
65846.0,0,0,68,1,6,3,6,4,76,1120,0,8,3
87195.0,0,0,35,1,3,11,5,1,62,1097,1,7,1
24594.0,1,0,94,1,1,0,3,5,42,29,0,8,2
49096.0,1,1,15,4,4,1,4,7,57,187,0,8,0
52413.0,0,2,56,4,6,4,12,6,52,910,0,8,3
38557.0,1,0,17,2,3,1,3,7,43,145,0,9,2
89058.0,0,0,18,1,5,4,4,2,61,850,0,9,1
77298.0,0,1,46,1,6,6,11,3,42,969,0,8,1
68126.0,0,0,40,1,7,4,5,9,30,1820,2,9,1
57288.0,0,1,27,3,8,1,8,6,58,608,1,7,3
86037.0,0,0,95,1,6,7,11,3,30,730,3,8,1
43974.0,1,0,19,5,6,4,6,7,41,551,0,9,0
50785.0,1,1,27,2,2,1,3,6,59,114,0,8,2
90765.0,0,0,25,0,4,6,5,1,51,1724,2,7,1
36550.0,1,0,74,5,9,1,5,9,43,577,0,8,0
30753.0,1,1,85,2,1,1,3,5,54,81,0,8,2
21918.0,1,0,37,2,2,0,3,6,52,33,0,8,2
56129.0,0,1,65,4,6,2,10,4,68,660,0,8,3
32557.0,1,0,13,3,2,1,3,5,54,80,1,7,2
19510.0,2,0,63,2,1,0,3,7,36,30,0,8,2
30992.0,1,0,83,1,1,0,3,7,45,43,0,8,2
101970.0,0,0,69,0,6,8,13,2,38,1135,4,8,1
71488.0,0,0,87,2,3,4,7,1,56,559,0,8,1
79607.0,0,0,37,1,3,6,6,1,37,1923,1,8,1
54348.0,1,1,51,2,2,0,4,6,68,90,0,7,2
52247.25135379061,0,1,23,3,6,1,7,6,60,404,0,8,0
77376.0,1,1,72,4,6,3,10,4,65,661,0,7,3
62998.0,0,1,10,5,5,4,5,5,69,463,0,8,3
61331.0,1,1,42,5,11,1,6,8,63,632,0,8,0
73448.0,0,0,10,1,7,2,9,4,52,725,0,7,1
52247.25135379061,0,1,96,1,6,5,7,4,58,725,0,8,3
41551.0,1,1,51,5,5,1,5,8,57,279,0,8,0
62981.0,0,0,21,1,4,5,13,3,54,1482,1,8,1
9548.0,1,0,31,2,1,0,3,8,45,29,0,9,2
33762.0,2,1,61,3,2,2,2,8,62,106,0,8,2
35860.0,1,1,37,2,1,1,2,5,48,49,2,7,2
36921.0,1,1,74,2,2,0,3,7,56,38,0,8,2
92859.0,0,0,46,1,5,4,12,2,29,2077,0,9,1
65104.0,0,1,4,2,3,5,7,7,45,1053,1,8,3
86111.0,0,0,73,1,5,7,10,2,59,1385,0,8,1
68352.0,0,1,47,3,8,5,9,6,47,871,0,8,3
41883.0,1,0,13,3,4,2,3,7,33,312,0,8,2
59809.0,0,2,36,3,3,3,6,8,45,877,0,9,0
23957.0,1,0,47,1,2,0,3,6,46,68,1,9,2
38547.0,1,0,49,1,1,0,2,8,40,22,0,8,2
35688.0,2,1,94,7,4,1,4,8,48,211,0,9,0
49605.0,0,0,65,1,2,1,4,3,55,127,0,7,2
59354.0,0,2,59,1,4,4,7,3,68,459,0,7,3
65747.0,0,1,96,4,8,1,6,6,52,460,1,7,3
46344.0,0,1,28,4,7,1,5,7,49,429,0,9,0
34176.0,1,0,12,4,3,0,4,6,33,89,0,7,2
61010.0,0,1,57,2,8,5,11,5,69,1021,0,9,3
69372.0,0,0,10,1,10,4,6,4,72,1381,3,8,1
49967.0,0,1,4,3,6,1,5,7,63,306,0,8,0
60199.0,1,2,49,1,0,0,3,4,43,18,0,8,2
55375.0,0,1,3,1,1,1,6,2,44,162,0,8,2
80317.0,0,0,64,1,3,4,10,1,66,1231,0,8,1
30523.0,2,1,0,1,1,0,2,7,63,13,0,8,2
70356.0,0,0,20,2,10,6,9,6,76,1706,0,9,3
23228.0,1,0,91,4,3,0,4,8,37,121,0,7,2
74165.0,0,0,9,1,5,4,10,2,46,1293,0,8,1
157243.0,0,1,98,15,0,22,0,0,48,1608,0,7,3
43482.0,2,1,83,3,2,0,4,6,55,88,0,8,2
62551.0,0,0,27,1,6,7,4,3,68,421,1,8,1
52332.0,0,0,63,1,3,2,6,4,62,259,1,8,2
66951.0,0,0,46,1,3,4,7,1,33,1117,0,8,1
26091.0,1,1,84,3,2,1,3,5,64,89,0,7,2
33456.0,1,1,58,2,1,0,3,7,56,36,0,7,2
28718.0,1,0,78,2,2,0,3,8,39,57,0,8,2
50447.0,2,0,4,1,3,1,3,6,51,148,0,7,2
53537.0,1,1,17,2,2,1,3,5,62,93,0,7,2
52074.0,0,1,77,1,2,2,2,4,54,119,1,7,2
80427.0,0,1,56,1,11,8,8,5,46,1835,0,9,3
83837.0,0,0,79,1,9,10,5,4,73,1318,3,9,1
38853.0,1,1,90,2,2,0,3,7,51,45,0,7,2
38285.0,2,1,96,1,0,0,3,2,62,10,0,7,2
78497.0,0,0,44,1,5,7,12,2,70,978,1,8,1
51650.0,0,1,81,1,4,1,4,5,45,191,0,7,2
16248.0,1,0,77,3,2,1,3,6,33,57,0,7,2
66835.0,0,0,21,1,6,4,13,2,75,1033,0,8,1
30477.0,1,0,16,1,1,1,3,6,37,66,0,7,2
28249.0,0,0,80,1,2,0,3,6,60,43,0,7,2
25271.0,1,0,45,1,1,1,2,9,38,50,0,9,2
32303.0,0,1,63,2,1,0,4,5,51,39,0,7,2
61286.0,0,1,34,2,7,1,8,5,55,608,0,8,3
74068.0,0,0,14,1,4,10,9,2,45,1581,0,8,1
45759.0,1,1,13,2,2,0,3,7,57,68,0,8,2
24882.0,1,0,52,1,1,1,2,6,43,80,1,9,2
66973.0,0,0,98,1,8,7,12,3,32,1282,0,8,1
36640.0,1,0,99,1,2,1,2,5,121,65,0,8,2
38872.0,1,0,93,2,3,0,3,8,33,91,0,8,2
51148.0,1,1,38,4,5,1,6,6,48,315,0,8,0
31353.0,1,1,24,2,1,1,2,8,44,31,0,8,2
69661.0,0,0,80,1,7,3,12,3,41,834,0,7,1
80067.0,0,0,82,1,4,6,6,2,67,1600,1,8,1
86718.0,0,0,20,1,5,6,5,2,67,1270,0,8,1
46854.0,1,1,81,6,5,1,3,8,48,263,2,7,0
69142.0,0,1,50,3,8,1,7,5,69,535,1,7,3
75922.0,0,0,60,1,4,4,9,1,53,1295,0,8,1
63693.0,0,1,63,3,11,6,9,6,43,1150,0,8,3
102160.0,0,0,54,0,7,9,10,4,44,1240,4,9,1
40637.0,1,1,72,2,1,0,3,7,56,38,0,8,2
18890.0,0,0,5,1,0,1,2,6,37,35,2,9,2
29604.0,1,0,88,1,1,0,3,9,33,53,1,8,2
48721.0,1,1,50,6,4,2,5,6,58,293,0,8,0
44794.0,0,1,99,1,2,0,3,6,55,65,0,7,2
64497.0,0,1,17,5,11,4,9,8,67,1804,2,9,3
46097.0,0,1,11,5,3,1,6,4,65,241,0,8,0
77972.0,0,0,18,1,4,6,9,1,67,1101,0,7,1
44377.0,1,1,70,8,5,1,5,8,53,264,0,9,0
46014.0,1,1,21,10,7,1,8,7,47,541,0,8,0
70951.0,0,0,66,1,3,4,9,1,36,1198,0,8,1
41443.0,1,0,79,6,8,1,5,8,44,482,0,7,0
52195.0,2,1,2,1,1,0,2,8,43,17,0,7,2
83790.0,0,0,81,1,8,10,6,3,73,1615,2,8,1
44551.0,0,1,24,2,4,1,5,7,67,285,0,8,0
69508.0,1,0,48,2,11,4,11,6,41,1135,0,9,3
45204.0,1,0,93,1,1,1,4,3,33,114,0,7,2
72460.0,0,0,56,1,3,5,7,1,52,1047,0,8,1
77622.0,0,2,3,2,6,3,11,3,51,714,0,7,3
30732.0,1,0,44,4,4,1,4,8,41,185,0,8,2
63887.0,0,1,38,5,9,6,12,6,59,1245,0,9,3
42011.0,1,0,46,4,3,1,4,8,43,189,0,8,2
51369.0,0,1,84,2,8,2,4,8,45,576,0,9,0
51537.0,0,1,27,3,2,2,11,8,69,1103,0,9,3
79930.0,0,0,72,1,3,5,8,2,49,1753,0,9,1
34320.0,1,0,66,1,1,0,2,8,35,17,0,7,2
37070.0,1,1,30,9,5,1,8,7,55,433,1,8,0
81975.0,0,1,2,1,6,3,4,7,59,1588,1,8,3
38590.0,1,0,65,1,1,0,2,8,50,22,0,8,2
15033.0,0,0,37,1,1,0,3,3,70,19,0,7,2
62745.0,0,1,89,3,7,8,11,5,56,1117,0,8,3
22212.0,1,0,49,2,2,0,4,6,46,69,0,8,2
23661.0,1,0,46,1,1,0,3,7,39,23,0,8,2
79761.0,0,1,32,1,5,2,11,3,63,605,0,8,3
7500.0,1,0,54,4,3,1,3,7,48,57,0,8,2
60182.0,0,1,23,1,1,0,2,4,128,22,0,7,0
73455.0,0,0,98,1,6,5,10,3,53,2088,1,8,1
64961.0,0,1,97,2,6,4,4,3,63,1009,0,9,3
22804.0,1,0,75,1,2,0,2,9,50,26,0,8,2
73687.0,0,0,8,1,3,9,9,2,31,1627,2,8,1
61074.0,0,1,37,7,11,5,8,7,63,1102,0,9,3
31686.0,1,1,31,2,1,0,3,6,57,17,0,7,2
80134.0,1,0,40,2,5,3,6,6,49,1690,4,8,1
75027.0,0,1,74,2,9,4,6,5,68,1390,0,8,3
67546.0,0,0,90,1,4,10,5,3,33,2126,0,9,1
65176.0,0,1,57,4,9,6,6,6,52,1531,0,9,3
31160.0,1,0,59,2,2,0,3,8,46,64,0,8,2
29938.0,1,0,52,2,1,0,3,6,36,26,0,8,2
102692.0,0,0,5,1,6,9,13,2,47,1112,5,8,1
26490.0,0,0,92,2,3,1,5,6,63,210,0,9,2
75702.0,1,1,77,5,4,6,11,8,54,1148,0,9,3
30899.0,1,0,35,2,1,0,3,6,47,33,0,9,2
63342.0,0,1,48,3,8,3,5,6,60,1101,1,9,3
45989.0,0,1,97,4,3,2,7,3,57,322,0,9,0
18701.0,1,1,95,4,2,0,4,5,57,44,0,8,0
40737.0,2,1,24,1,1,0,2,8,64,17,0,8,2
15287.0,1,0,60,2,1,1,2,7,42,31,2,9,2
69674.0,0,2,46,3,10,2,10,5,53,845,0,8,3
44159.0,1,0,85,4,4,1,6,5,51,275,0,7,2
37717.0,1,0,31,1,1,0,2,9,43,25,0,9,2
43776.0,1,1,9,6,5,2,4,8,69,275,1,8,0
38179.0,1,1,30,4,3,1,3,7,55,90,0,8,0
80124.0,0,0,47,1,3,7,8,1,58,1495,1,7,1
38097.0,1,1,70,4,3,2,2,7,51,184,2,9,0
72940.0,0,0,13,1,3,3,6,1,51,981,0,8,1
22070.0,1,0,11,2,2,2,2,6,51,67,0,8,2
69267.0,0,0,31,2,3,4,5,7,68,1635,1,9,3
31788.0,1,0,15,3,3,0,4,5,38,60,0,7,2
61905.0,0,1,2,2,4,2,4,5,46,231,0,7,2
29315.0,1,1,55,4,2,0,4,6,61,48,0,7,2
33378.0,1,1,38,3,2,0,4,7,58,99,0,8,0
66313.0,0,1,86,2,6,3,12,4,58,770,0,8,3
60714.0,0,0,56,2,7,4,10,5,65,957,1,8,3
77882.0,0,0,29,1,3,3,5,1,40,818,0,7,1
69867.0,0,0,30,1,3,5,8,1,35,925,2,8,1
63841.0,0,1,64,1,9,3,9,6,53,908,0,8,3
24480.0,1,0,46,3,3,0,4,7,40,102,0,8,2
51369.0,0,1,84,2,8,2,4,8,45,576,0,9,0
37760.0,0,0,20,2,4,1,6,7,75,317,0,9,0
65640.0,0,1,74,1,5,1,8,2,47,461,0,7,3
44319.0,1,1,18,2,2,0,3,5,46,37,0,7,2
30631.0,1,0,75,1,3,1,2,7,47,70,0,8,2
75278.0,0,0,17,1,6,3,13,3,69,930,0,8,1
50898.0,1,1,88,13,6,2,12,5,65,859,0,8,0
79946.0,0,0,19,1,5,11,5,3,55,1478,0,7,1
35416.0,0,0,62,3,7,1,5,8,72,390,0,8,0
32414.0,0,0,11,1,1,0,3,7,37,52,1,8,2
38361.0,1,0,74,3,3,1,3,7,52,137,0,8,2
82497.0,0,0,32,1,2,7,9,4,41,1919,1,9,1
16626.0,2,0,76,3,3,0,3,9,50,68,0,7,2
29672.0,1,1,6,1,0,0,3,6,56,25,0,8,2
55951.0,0,1,62,3,3,6,11,8,69,1374,2,9,3
35388.0,1,0,20,1,1,0,3,7,33,32,0,8,2
42386.0,1,0,43,1,3,0,3,8,35,100,0,8,2
68627.0,0,0,45,1,2,3,6,1,39,825,0,8,1
57912.0,0,1,34,5,8,3,12,5,56,916,1,7,3
35246.0,1,1,53,4,3,1,3,5,63,62,0,7,2
58821.0,0,1,44,1,9,2,9,6,65,728,0,8,3
46377.0,1,0,89,1,2,1,3,4,43,90,0,7,2
39747.0,1,0,43,3,5,1,4,8,33,273,0,7,2
23976.0,1,0,68,3,3,1,3,7,37,66,0,8,2
80950.0,0,0,44,1,6,7,9,2,60,1213,1,8,1
27038.0,0,0,64,1,3,0,3,9,55,107,1,9,2
77457.0,0,0,85,1,2,5,10,1,74,1157,1,7,1
64100.0,0,1,93,1,8,3,6,7,57,546,1,8,3
42670.0,0,0,12,1,4,2,4,4,29,241,0,8,2
12571.0,1,0,86,4,3,1,3,6,45,53,0,7,2
22574.0,2,1,28,2,2,0,3,7,54,37,0,8,2
52247.25135379061,0,0,69,1,6,5,12,3,32,1611,2,8,1
70893.0,0,0,42,1,6,6,10,3,45,1508,0,8,1
54198.0,1,1,13,6,3,1,6,4,55,235,0,8,0
28839.0,1,1,86,2,2,0,3,5,65,32,0,7,2
40321.0,1,1,59,2,3,0,3,7,49,102,0,8,2
66503.0,1,0,30,2,4,3,6,3,36,401,0,9,2
30833.0,1,1,33,2,1,0,3,5,70,28,0,8,2
52247.25135379061,1,2,67,6,2,3,10,7,51,1052,2,8,0
64795.0,0,1,23,3,3,3,12,2,50,680,0,8,3
34421.0,1,0,81,1,1,0,2,7,47,30,0,8,2
47025.0,1,1,6,1,1,0,2,7,56,20,0,7,2
64325.0,0,1,41,5,10,3,5,7,60,1307,0,8,3
40464.0,0,1,78,6,8,2,8,8,68,630,0,8,0
62187.0,0,0,49,1,4,8,5,3,64,1283,0,8,1
14849.0,1,0,39,3,2,0,4,8,45,65,0,8,2
27255.0,1,0,3,1,1,0,3,7,37,37,0,8,2
54432.0,2,1,37,1,1,0,3,4,71,38,0,8,2
29999.0,1,0,22,4,3,1,4,8,35,160,0,8,2
24072.0,1,0,79,1,1,0,2,8,38,23,0,8,2
33996.0,0,0,46,1,1,1,3,4,32,71,0,8,2
66334.0,0,1,82,2,9,3,5,5,65,1161,1,8,3
35178.0,1,0,10,1,1,1,2,7,50,59,2,8,2
22010.0,1,0,51,2,2,0,3,8,38,33,0,8,2
62204.0,0,2,38,1,4,5,12,3,61,946,0,9,3
75693.0,0,0,10,1,11,4,6,4,53,1442,4,9,1
30675.0,1,0,14,1,1,0,3,8,49,62,0,9,2
83003.0,0,0,18,1,7,6,8,3,56,1674,2,8,1
83532.0,0,0,36,1,4,6,4,1,122,1853,1,8,1
68655.0,0,0,95,1,4,5,11,3,33,1538,0,9,1
41411.0,0,0,11,1,2,1,4,6,35,139,0,8,2
55212.0,0,1,65,3,4,2,11,8,52,1182,2,9,3
59292.0,0,1,71,2,3,5,8,3,71,507,0,8,3
27190.0,1,0,13,1,1,0,2,8,48,18,2,8,2
82623.0,0,0,58,1,2,9,4,1,69,940,0,8,1
44300.0,1,1,65,2,1,0,3,6,56,42,0,8,2
84835.0,0,0,0,1,4,4,6,1,51,1190,1,7,1
30372.0,1,1,33,3,2,0,3,7,50,44,0,9,0
33181.0,1,0,90,1,1,0,2,6,45,16,1,7,2
71113.0,0,1,95,4,6,7,9,4,64,835,0,8,3
71952.0,1,0,93,2,8,4,8,4,35,1443,2,8,1
69759.0,0,0,38,3,4,6,5,3,55,1029,1,8,1
72099.0,0,0,18,1,3,4,10,1,47,1188,0,9,1
60000.0,0,1,57,5,11,3,5,6,45,1277,0,9,3
38643.0,1,1,45,2,2,0,3,7,43,49,0,8,2
50737.0,0,1,61,1,2,0,4,6,66,99,1,8,2
68462.0,0,0,6,1,3,3,8,1,52,1670,0,9,1
65073.0,0,0,65,1,5,3,5,2,78,900,0,8,1
46681.0,0,2,52,2,4,6,4,5,73,425,0,8,3
78618.0,0,0,87,1,4,7,10,2,64,2153,1,9,1
62187.0,0,1,38,3,6,2,10,4,52,636,0,7,3
28442.0,2,0,53,3,2,1,4,4,43,57,0,7,2
37717.0,1,0,31,1,1,0,2,9,43,25,0,9,2
51479.0,1,1,67,7,6,3,6,7,54,494,0,9,0
54803.0,0,1,65,2,6,2,9,4,52,693,0,9,3
79530.0,0,0,64,1,4,10,11,2,61,1348,0,8,1
31615.0,1,0,82,2,2,0,3,7,45,51,0,8,2
72025.0,0,0,27,1,4,3,8,3,59,1932,0,9,1
52614.0,0,1,63,2,2,4,8,8,46,990,0,9,3
35684.0,1,0,66,1,1,0,3,6,37,30,0,7,2
48178.0,1,1,69,6,5,1,4,8,46,254,0,9,0
29548.0,1,0,52,1,1,1,2,4,51,29,1,8,2
63810.0,0,1,45,4,4,3,12,8,55,1371,1,9,3
38578.0,1,1,2,3,3,0,3,8,49,73,1,8,2
46098.0,1,1,86,4,3,2,2,8,46,120,0,9,0
22585.0,0,0,23,1,1,1,2,9,51,81,2,8,2
30279.0,1,0,13,1,1,0,3,8,32,37,0,9,2
66426.0,0,1,14,2,3,5,10,6,60,1377,0,8,3
30822.0,1,0,92,1,1,0,3,7,52,51,0,8,2
33581.0,2,0,38,1,1,0,2,8,52,17,0,8,2
19986.0,1,0,74,1,0,0,3,7,36,22,0,8,2
27421.0,0,0,14,3,4,1,6,7,67,324,0,9,0
35688.0,2,1,94,7,4,1,4,8,48,211,0,9,0
36143.0,1,0,33,1,0,1,2,3,40,19,0,7,2
10245.0,1,0,32,3,1,2,2,5,50,41,0,8,2
43795.0,0,1,11,3,7,3,4,7,53,492,2,8,3
63381.0,0,1,78,4,4,5,13,2,61,1005,0,9,3
38823.0,0,1,56,1,2,1,3,6,72,114,0,9,0
83664.0,1,1,57,3,2,2,12,5,53,1173,0,8,3
90300.0,0,0,7,0,5,6,8,1,42,1738,1,7,1
62499.0,1,0,0,2,3,1,6,4,42,222,0,8,2
74293.0,0,0,66,1,5,4,6,2,28,1127,0,7,1
51012.0,0,0,86,1,4,1,4,6,75,209,0,8,2
70777.0,0,1,80,3,5,3,12,3,53,787,0,7,3
68682.0,0,0,56,1,4,9,10,2,30,1598,0,8,1
43824.0,1,1,18,4,3,1,4,8,50,186,0,9,0
15345.0,1,0,51,2,1,1,2,8,37,47,1,9,2
23442.0,1,0,71,1,1,0,3,7,34,27,0,9,2
14515.0,1,0,71,4,2,2,3,7,41,96,1,9,2
31395.0,1,1,80,4,2,1,3,6,65,64,0,8,0
75276.0,0,0,2,1,9,4,9,5,56,1040,0,9,3
42373.0,1,1,83,5,2,1,5,5,47,163,0,8,0
30507.0,0,0,29,1,5,1,4,7,61,343,0,8,2
55521.0,1,2,11,9,6,3,6,7,66,446,2,8,0
48006.0,1,1,55,1,1,0,3,6,56,41,0,7,2
27213.0,1,0,19,3,2,0,4,8,49,70,1,9,2
65808.0,1,1,1,3,5,1,5,6,50,272,0,7,0
30351.0,1,0,19,1,3,0,2,9,47,46,0,8,2
50437.0,0,2,28,3,7,1,8,7,58,490,0,9,0
23616.0,1,0,76,2,3,0,3,8,39,79,1,9,2
53858.0,0,1,50,4,4,3,6,4,45,915,0,9,3
66465.0,0,1,1,3,11,9,12,6,66,1485,1,8,3
46923.0,1,0,90,3,5,1,7,7,34,369,0,9,2
75072.0,0,1,83,2,5,4,8,3,59,1073,0,8,3
75865.0,0,0,73,1,3,5,10,1,78,1242,0,7,1
19789.0,1,0,24,3,2,1,3,5,46,78,1,8,2
80134.0,0,0,11,1,2,7,11,5,27,1378,4,7,1
91065.0,0,0,33,1,7,9,9,3,40,1474,3,8,1
49505.0,1,1,4,9,10,2,8,8,50,751,0,8,0
37401.0,1,0,14,2,2,0,3,7,48,48,0,7,2
30096.0,1,0,30,1,2,0,3,6,38,45,0,7,2
18492.0,1,0,75,1,1,0,2,8,39,10,0,7,2
82584.0,0,0,26,1,3,4,8,1,47,1435,3,8,1
93027.0,0,0,77,0,7,10,5,2,80,2119,1,8,1
48686.0,1,2,8,1,1,0,2,8,68,20,0,8,0
92910.0,0,0,42,1,6,7,13,1,35,1795,3,7,1
75433.0,1,0,28,2,2,5,10,6,32,1188,2,7,1
10404.0,1,0,52,2,1,0,4,5,32,43,0,7,2
61314.0,0,1,1,2,5,5,12,3,53,1008,0,8,3
84865.0,0,0,1,1,2,4,9,4,60,1688,5,8,1
42387.0,1,0,42,5,8,1,7,8,32,684,0,9,0
67309.0,1,1,76,15,9,6,9,7,54,1082,0,8,0
75236.0,0,1,27,1,8,3,13,4,57,1068,0,8,3
30015.0,1,0,28,2,1,0,4,5,51,57,0,7,2
50943.0,0,1,49,1,1,0,3,5,65,46,0,8,2
67272.0,0,1,12,3,6,2,12,5,55,733,0,8,3
51529.0,0,1,14,2,9,1,5,8,72,467,0,8,0
32011.0,1,0,89,3,2,1,4,7,50,122,0,8,2
7500.0,1,0,96,2,2,0,3,8,35,36,0,8,2
28691.0,1,0,56,1,1,0,3,8,32,34,0,8,2
56223.0,0,1,72,2,2,1,5,4,73,156,0,8,0
18100.0,0,0,14,1,0,0,3,5,75,14,0,8,2
30279.0,1,0,13,1,1,0,3,8,32,37,0,9,2
20130.0,0,0,99,1,1,0,3,8,47,34,0,7,2
23295.0,0,0,72,1,1,0,2,8,62,20,0,8,2
42618.0,1,0,92,2,5,0,4,8,49,192,0,8,2
81246.0,0,0,87,1,4,5,7,1,57,1379,2,8,1
24027.0,1,0,7,2,2,0,3,8,45,48,0,8,2
55707.0,0,1,91,2,3,2,9,3,68,428,0,8,3
57959.0,0,1,71,5,4,7,11,3,66,868,0,8,3
56796.0,0,1,24,3,8,9,7,7,52,1001,0,8,3
36230.0,1,0,17,1,2,0,4,5,50,59,0,8,2
70829.0,1,1,87,2,4,2,8,3,41,431,0,8,3
65991.0,0,1,21,3,9,5,10,7,45,971,0,9,3
38988.0,1,2,90,7,5,1,6,8,49,348,0,9,0
89572.0,0,0,44,1,7,7,9,4,55,2059,3,9,1
42207.0,1,0,71,4,4,1,5,6,37,265,2,8,2
50300.0,0,1,52,2,2,1,8,2,69,270,0,7,3
66664.0,0,0,78,1,5,7,6,3,39,1289,0,9,1
60597.0,0,1,2,4,2,2,8,7,57,893,2,7,3
70165.0,0,0,60,1,3,7,11,1,72,926,0,8,1
50520.0,0,1,25,2,3,1,3,6,63,135,0,7,2
80124.0,0,0,47,1,3,7,8,1,58,1495,1,7,1
33183.0,1,0,46,2,4,0,3,7,46,120,0,7,2
66582.0,0,0,83,1,2,8,9,1,52,1288,0,7,1
75261.0,0,0,17,1,5,6,5,2,66,1743,3,8,1
31880.0,1,0,13,1,1,0,2,8,51,15,0,9,2
53790.0,0,2,86,3,7,2,8,6,70,542,0,7,3
49269.0,1,0,92,3,7,3,12,7,50,890,0,9,3
61456.0,0,1,47,4,6,10,13,4,46,1388,0,8,3
37406.0,1,0,18,1,1,0,2,8,41,17,1,8,2
56937.0,1,0,81,7,8,6,9,6,40,906,2,9,3
38415.0,1,1,91,2,1,0,3,7,43,44,0,8,2
20518.0,1,0,58,1,1,1,2,5,33,25,0,7,2
62503.0,0,1,40,4,8,3,11,5,65,973,0,8,3
41644.0,1,1,67,2,1,0,3,3,49,31,0,7,2
55842.0,0,1,19,1,7,1,8,5,44,518,0,7,3
62010.0,0,1,93,4,6,2,7,5,49,530,0,9,3
41124.0,1,0,41,7,7,3,4,8,44,506,0,9,0
38961.0,1,0,60,1,2,1,2,7,48,70,0,8,2
37760.0,1,0,54,1,2,0,3,6,49,54,0,8,2
32233.0,1,0,26,2,6,2,2,9,47,296,2,9,2
43057.0,0,1,30,4,4,2,5,5,46,266,0,8,0
83151.0,0,0,93,1,5,9,4,3,61,747,0,9,1
78825.0,0,0,35,1,5,10,13,3,57,895,1,9,1
65104.0,0,1,4,2,3,5,7,7,45,1053,0,8,3
60093.0,0,1,92,2,7,2,10,6,47,735,0,8,3
14045.0,1,0,24,1,1,0,3,7,52,20,0,7,2
28457.0,0,0,96,1,4,1,4,8,69,205,0,9,0
78952.0,0,1,11,2,2,5,12,6,63,2092,0,9,3
46310.0,1,0,99,2,6,1,5,8,45,309,0,9,0
76005.0,0,0,72,1,3,5,13,6,66,1722,1,8,1
58308.0,0,1,77,4,2,6,3,8,57,900,0,8,0
55614.0,0,0,85,1,9,4,6,7,77,682,1,8,3
59432.0,0,1,88,3,5,3,11,5,59,663,0,8,3
55563.0,0,1,22,1,2,0,3,3,43,43,0,7,2
78642.0,0,1,83,1,4,9,4,6,50,1816,0,8,1
67911.0,0,1,63,3,6,7,11,3,72,976,0,7,3
65275.0,0,0,9,1,4,3,13,2,77,746,0,8,1
27203.0,1,1,92,2,1,1,2,8,71,64,0,9,0
48330.0,0,1,2,1,1,0,3,5,60,32,0,8,2
24279.0,0,0,6,1,4,1,3,8,31,263,0,9,2
64355.0,1,0,66,2,4,3,12,8,36,1445,0,9,3
50943.0,0,1,49,1,1,0,3,5,65,46,0,8,2
53653.0,0,0,29,2,10,4,12,6,68,1210,0,9,3
65665.0,0,1,77,1,5,10,8,3,45,945,0,8,1
81217.0,0,0,77,1,3,7,11,1,32,1157,0,8,1
34935.0,0,0,71,1,2,1,4,7,29,137,0,8,2
61250.0,0,1,49,6,5,2,12,5,62,730,0,9,3
39665.0,1,0,97,3,4,2,3,7,40,216,1,8,2
60152.0,0,1,6,1,6,4,12,3,42,943,0,8,3
48920.0,0,2,93,3,6,2,5,7,57,347,1,8,0
89120.0,0,0,78,1,5,6,7,1,62,1924,1,7,1
44124.0,0,1,62,4,6,2,5,8,75,397,0,8,0
81169.0,0,0,47,1,5,7,9,2,46,2089,0,8,1
36443.0,1,1,9,4,3,1,3,8,60,138,0,8,0
26095.0,1,0,77,1,1,0,3,7,31,42,0,8,2
71367.0,0,0,24,1,4,5,7,2,62,777,0,8,1
80184.0,0,0,19,1,6,3,10,3,77,1902,2,7,1
30630.0,1,1,67,2,2,0,3,7,56,52,0,7,2
73454.0,0,0,95,1,2,4,6,5,34,1651,1,7,1
42691.0,0,0,48,1,5,1,6,5,30,358,0,8,2
70503.0,0,0,73,1,2,4,9,6,68,1727,2,9,1
25545.0,1,0,35,3,2,2,3,6,34,210,1,9,2
32880.0,1,0,76,1,1,0,3,8,35,42,0,9,2
77863.0,0,0,20,1,4,5,10,2,63,1291,0,8,1
50353.0,0,0,72,1,4,4,6,3,44,442,0,7,1
61839.0,0,0,20,1,4,8,4,8,57,1895,0,9,3
49154.0,1,1,69,6,4,1,8,6,61,411,0,8,0
47682.0,0,1,80,4,4,3,8,5,46,521,0,8,3
72679.0,0,1,65,1,4,7,5,1,52,1168,0,8,1
57954.0,1,1,52,7,8,2,6,7,44,493,1,7,0
65316.0,1,1,65,2,3,2,5,4,59,260,0,8,0
28567.0,1,0,57,2,2,0,3,6,39,46,0,8,2
47352.0,0,1,70,4,6,1,5,7,70,319,0,8,0
44931.0,0,1,0,1,2,1,3,5,54,96,0,7,2
76982.0,0,0,19,1,8,3,4,4,54,1062,2,7,1
57247.0,0,1,50,2,2,1,7,2,69,232,0,8,3
22944.0,1,0,67,3,3,0,3,7,40,76,0,8,2
25315.0,1,0,46,3,3,0,3,8,44,54,0,8,2
43638.0,0,1,37,2,4,1,4,7,52,201,0,9,0
42710.0,1,0,38,2,4,5,3,6,37,406,0,9,2
84169.0,0,0,9,1,7,6,6,3,39,1919,3,8,1
54058.0,0,1,56,2,4,6,8,3,45,662,0,8,3
24683.0,1,0,98,2,2,0,4,5,31,41,0,7,2
85620.0,0,0,68,1,3,6,4,1,57,1600,1,7,1
47850.0,1,0,72,1,3,0,4,6,41,134,0,8,2
19514.0,1,1,47,4,3,1,2,8,53,69,2,7,2
27159.0,1,1,33,2,1,0,3,6,48,21,0,7,2
39548.0,1,1,87,2,1,1,3,3,58,54,0,7,2
21474.0,1,0,0,2,3,1,2,7,32,91,2,7,2
60504.0,0,1,73,2,6,2,8,6,50,526,0,7,3
22419.0,0,0,74,1,3,2,2,8,58,162,0,8,2
81698.0,0,0,4,1,3,8,13,1,72,1008,1,8,1
43462.0,1,1,50,6,4,1,5,8,69,240,0,9,0
54880.0,1,0,57,2,6,2,11,5,43,795,0,8,3
79908.0,0,0,30,1,5,6,7,2,39,1772,1,8,1
15315.0,0,0,27,2,2,0,4,5,51,64,0,8,2
87771.0,0,1,61,1,5,10,4,6,62,1957,5,8,1
33039.0,1,0,4,1,2,0,4,5,43,78,0,8,2
81741.0,0,0,75,0,6,6,7,2,41,1572,0,8,1
71499.0,0,1,12,2,8,3,13,4,50,795,0,8,3
62466.0,0,1,13,5,6,3,12,4,51,889,0,7,3
48799.0,0,1,9,3,3,2,7,3,58,331,0,8,3
52157.0,0,1,48,2,3,2,5,4,71,265,0,7,0
66565.0,0,1,80,4,4,2,9,8,59,1065,0,9,3
29298.0,1,1,60,1,1,0,2,5,70,11,0,8,2
47691.0,0,1,43,1,1,0,2,6,42,21,0,8,2
38200.0,1,1,19,1,1,0,2,7,51,17,0,9,2
44989.0,0,1,26,5,5,1,5,6,47,369,0,9,0
38443.0,1,1,58,2,1,0,3,7,53,38,0,7,2
38593.0,1,0,42,3,4,1,3,8,43,177,0,8,2
64413.0,0,1,27,1,5,1,5,5,51,279,0,8,0
36959.0,1,0,56,2,2,0,3,8,40,62,0,8,2
61996.0,0,1,27,3,6,4,8,5,44,1230,4,8,3
51287.0,1,1,10,3,4,1,3,7,53,182,0,7,2
13260.0,1,1,48,4,3,0,3,8,51,49,0,8,0
47472.0,1,1,39,2,2,0,4,5,55,75,0,8,2
54603.0,1,1,85,6,4,2,4,7,65,227,0,8,0
45207.0,1,1,64,5,3,1,6,6,47,215,1,9,0
40689.0,0,1,69,7,7,1,5,8,70,444,0,8,0
47821.0,1,1,54,1,1,0,3,8,54,47,0,8,2
27450.0,0,0,57,1,2,1,3,7,70,143,0,8,2
39453.0,1,0,64,2,2,0,3,6,38,55,0,7,2
26850.0,1,1,10,4,2,1,4,4,50,63,0,7,2
79800.0,0,0,65,1,5,11,5,3,66,1867,4,9,1
61794.0,0,1,74,2,4,4,10,2,60,611,0,8,3
53863.0,0,1,4,3,7,1,7,7,66,473,1,7,3
24221.0,0,0,94,1,1,1,3,4,62,55,0,8,2
39684.0,1,0,41,2,2,1,2,7,37,81,1,9,2
92163.0,0,0,25,0,5,11,5,2,46,2086,3,9,1
69882.0,0,0,94,1,3,7,9,1,56,1478,0,8,1
33178.0,1,0,9,1,1,0,3,4,44,49,0,7,2
59973.0,0,0,47,1,3,4,7,1,49,382,0,8,1
17459.0,1,0,12,3,3,1,2,7,46,69,1,8,2
23910.0,1,0,80,1,2,0,3,7,52,67,0,9,2
42169.0,1,1,20,2,1,0,3,8,52,30,0,8,2
26224.0,1,0,39,3,2,1,3,6,43,63,0,8,2
31089.0,1,0,57,3,3,0,4,8,40,79,0,9,2
30081.0,0,1,27,1,1,0,3,7,60,42,0,8,2
62807.0,0,1,83,3,5,3,12,5,61,819,0,9,3
72906.0,0,0,79,1,3,4,9,1,66,1151,0,8,1
61467.0,0,2,69,3,5,2,10,5,73,594,0,9,3
49618.0,1,1,77,4,3,1,3,7,55,129,0,8,0
21888.0,1,0,15,4,5,1,2,10,35,213,1,9,2
42429.0,0,1,99,2,1,1,3,5,48,67,0,7,2
26150.0,2,1,61,1,1,0,3,7,65,28,0,8,2
30801.0,0,1,23,2,1,0,3,7,46,45,0,9,2
81168.0,0,0,84,1,6,4,7,3,56,1193,1,7,1
26877.0,0,0,74,2,3,1,6,6,52,268,0,8,2
45006.0,0,0,90,1,3,1,7,3,77,266,0,8,2
18978.0,1,0,41,1,1,0,3,8,48,37,0,9,2
22574.0,2,1,28,2,2,0,3,7,54,37,0,8,2
48240.0,0,0,73,3,6,3,13,5,52,882,1,9,3
45837.0,1,1,88,5,6,2,5,7,47,373,0,8,0
35791.0,2,1,94,2,1,0,3,8,56,35,0,8,2
162397.0,1,1,31,0,0,0,1,1,45,107,0,8,2
54162.0,1,1,31,1,1,0,3,4,43,42,0,8,2
30522.0,0,1,6,5,1,2,9,2,61,326,0,9,0
54456.0,0,1,23,3,6,1,7,6,60,404,0,8,0
31632.0,0,0,92,1,2,1,2,7,50,95,0,8,2
72298.0,0,0,52,1,4,3,6,1,72,939,2,7,1
36975.0,1,0,50,1,1,0,3,7,43,33,0,8,2
72635.0,0,0,54,1,6,8,6,3,66,981,1,8,1
13624.0,1,0,93,2,2,0,3,6,45,36,0,8,2
84196.0,0,1,56,1,8,4,7,3,46,1237,0,8,3
70971.0,0,1,28,7,11,11,5,7,61,1825,1,9,3
34487.0,1,1,94,3,3,0,3,9,44,103,0,9,0
28769.0,1,0,76,3,4,1,4,9,44,191,0,9,2
69084.0,1,0,43,2,7,3,13,8,51,1586,0,8,3
65488.0,0,0,46,1,3,4,6,1,63,963,0,7,1
62466.0,0,1,13,5,6,3,12,4,51,889,0,7,3
32218.0,0,0,27,1,2,1,3,7,61,93,2,7,2
83917.0,0,0,12,1,6,7,7,3,48,1587,1,8,1
46102.0,2,1,3,1,1,0,2,7,59,16,0,7,2
84574.0,0,0,72,1,9,11,11,5,69,1375,0,8,1
56181.0,0,1,6,1,4,2,7,4,59,393,0,8,3
63120.0,0,1,53,5,8,4,9,7,71,1477,1,9,3
73691.0,0,1,58,2,6,2,8,2,50,1179,1,8,3
63381.0,0,1,78,4,4,5,13,2,61,1005,0,9,3
76140.0,0,0,57,1,5,9,6,2,73,1348,0,7,1
62859.0,0,1,37,4,9,4,6,6,62,1307,0,9,3
45906.0,0,1,20,2,5,4,4,5,57,486,1,8,3
77632.0,0,0,73,1,4,2,6,2,74,2252,3,8,1
46463.0,1,1,56,7,3,1,6,6,50,235,0,8,0
105471.0,0,0,36,0,9,8,13,3,51,1724,3,8,1
55282.0,1,0,9,1,3,1,6,4,51,235,0,8,2
78710.0,0,1,42,3,7,6,12,4,44,1092,0,7,3
66886.0,0,1,28,2,7,1,7,5,63,599,0,8,3
98777.0,0,0,23,0,4,6,9,1,61,2008,1,7,1
29103.0,1,0,38,2,1,0,3,9,36,48,0,9,2
67445.0,0,1,63,5,9,6,12,6,47,1174,0,9,3
50616.0,0,1,71,1,1,1,4,2,71,67,0,7,2
49431.0,0,1,9,2,7,1,5,8,66,365,0,9,0
153924.0,0,0,81,0,0,0,0,0,46,6,0,7,1
61278.0,0,1,87,2,3,1,4,6,68,165,0,7,0
26490.0,0,0,92,2,3,1,5,6,63,210,0,9,2
73059.0,0,1,36,1,9,3,13,4,74,1095,0,8,3
46734.0,1,2,86,4,3,2,3,6,55,223,1,8,0
56253.0,0,1,83,4,7,2,9,6,58,597,0,9,3
19986.0,1,0,74,1,0,0,3,7,36,22,0,8,2
58330.0,0,1,87,1,6,4,13,4,46,1064,0,8,3
25965.0,0,0,29,1,2,0,3,8,41,74,0,9,2
14661.0,0,0,88,1,1,0,3,6,65,26,0,8,2
18690.0,0,0,77,1,1,1,2,8,62,60,0,9,2
45068.0,0,1,25,1,1,0,2,7,47,20,0,8,2
21063.0,1,0,34,2,2,0,3,6,34,59,0,8,2
29187.0,1,0,43,1,1,0,3,8,53,34,0,8,2
54690.0,1,1,76,3,3,1,5,3,50,198,0,8,0
59304.0,0,1,81,3,7,8,10,5,57,1048,0,8,3
59247.0,0,2,87,5,5,2,9,6,59,574,0,8,0
66731.0,0,1,33,4,4,3,6,3,51,1029,0,9,3
77353.0,0,1,38,2,6,4,8,4,41,670,0,8,3
52614.0,0,1,63,2,2,4,8,8,46,990,0,9,3
26751.0,2,0,26,1,1,0,2,8,47,11,0,7,2
81300.0,0,1,17,3,10,3,5,5,58,1241,2,9,3
70337.0,0,0,75,1,2,2,12,1,42,576,0,7,1
36145.0,1,0,13,4,4,1,3,9,36,172,2,8,2
65295.0,0,0,19,1,3,3,13,2,41,664,0,8,1
68118.0,0,1,51,2,8,9,4,6,58,928,0,8,3
68743.0,0,0,81,1,11,5,13,7,54,2074,0,9,3
41039.0,0,0,32,1,8,1,5,8,39,467,0,8,2
38946.0,0,1,84,2,3,1,6,5,66,257,0,8,0
65777.0,0,0,87,1,2,8,6,1,54,1146,0,8,1
66476.0,0,1,99,2,5,2,11,4,45,689,0,8,3
86857.0,0,0,96,1,5,6,10,2,49,2114,1,9,1
160803.0,0,0,21,15,0,28,1,0,39,1717,0,9,1
77845.0,0,0,40,1,3,5,12,1,32,1346,2,7,1
69476.0,0,0,3,1,4,6,4,2,52,1044,0,8,1
50611.0,0,1,98,6,4,5,7,6,61,493,2,9,3
61209.0,0,0,73,1,5,3,4,2,51,957,0,8,1
42315.0,0,1,90,3,1,4,4,3,63,270,0,8,0
13084.0,0,0,29,1,1,0,3,6,69,29,0,8,2
47570.0,1,1,3,3,2,2,2,7,72,121,1,8,0
61923.0,0,2,94,1,2,1,4,3,60,126,0,8,0
34824.0,0,0,65,1,1,0,2,6,26,23,0,7,2
26518.0,1,1,33,3,2,0,3,8,72,57,1,8,0
45938.0,0,0,46,2,8,4,6,6,60,636,0,8,3
78468.0,0,0,29,1,10,7,10,4,61,1004,1,7,1
78901.0,0,1,99,3,9,3,5,4,48,734,0,8,3
71427.0,2,0,26,2,8,2,8,4,43,614,0,7,2
71022.0,0,1,30,3,5,2,11,8,43,1453,1,7,3
90247.0,0,0,27,1,3,4,7,1,33,1621,4,7,1
41335.0,1,0,24,3,4,1,4,7,53,187,0,8,2
71952.0,1,0,93,2,8,4,8,4,35,1443,2,8,1
35682.0,1,0,34,1,1,1,3,2,51,57,0,7,2
43185.0,0,1,88,2,9,3,6,8,70,637,0,8,3
66375.0,0,1,96,3,2,4,5,7,73,948,1,8,3
35178.0,1,0,10,1,1,1,2,7,50,59,2,8,2
25252.0,1,0,26,1,1,0,2,8,35,18,0,8,2
55250.0,0,1,49,4,7,5,10,5,56,903,0,9,3
33249.0,1,0,11,2,2,1,3,6,46,112,0,8,2
58398.0,0,0,44,3,5,4,8,4,68,596,0,8,3
50272.0,1,0,75,3,4,1,5,7,39,233,0,8,2
76618.0,0,0,64,1,3,2,5,1,46,1511,0,9,1
87305.0,0,0,19,1,5,3,8,2,61,1152,2,9,1
25851.0,1,0,45,2,2,0,3,7,43,48,0,8,2
58710.0,0,1,77,6,11,5,9,6,51,1185,0,8,3
45160.0,1,1,9,1,1,0,2,7,63,21,0,7,2
74806.0,0,1,1,2,5,4,5,4,56,965,0,9,3
59111.0,0,0,90,1,11,1,8,7,67,869,0,8,3
18988.0,1,0,43,2,1,0,3,7,37,16,0,7,2
72190.0,0,0,79,1,5,6,4,3,56,1947,0,8,1
7500.0,1,0,19,5,4,1,2,9,45,71,2,9,2
44794.0,0,1,99,1,2,0,3,6,55,65,0,7,2
80395.0,0,0,62,1,6,5,12,2,66,1380,1,8,1
75012.0,0,0,41,1,3,8,11,1,45,1027,0,7,1
56962.0,2,1,60,7,6,3,5,7,56,411,0,8,0
89891.0,0,0,17,1,11,6,8,4,30,836,1,8,1
35946.0,1,1,24,1,0,0,3,5,72,11,0,8,2
53593.0,1,1,60,8,7,2,6,8,68,480,0,9,0
66373.0,1,1,57,7,4,2,10,3,43,606,0,8,0
45072.0,1,2,74,5,6,1,4,8,73,284,0,8,0
89694.0,1,1,22,3,4,3,4,5,48,1472,3,8,3
72025.0,0,0,46,1,4,8,13,2,72,1677,4,7,1
67432.0,0,1,69,2,8,5,4,4,48,1335,0,8,3
70545.0,0,1,29,1,4,1,7,2,69,334,0,7,3
17487.0,1,0,37,1,1,0,2,7,32,18,0,8,2
62882.0,0,1,26,2,7,5,6,4,52,1338,0,9,3
64108.0,0,1,8,4,6,9,11,5,68,1099,0,8,3
34941.0,1,1,26,2,3,0,3,8,65,97,0,8,0
48767.0,1,2,79,3,2,1,3,5,71,63,0,7,0
38702.0,1,0,71,2,3,0,4,6,43,109,0,8,2
82224.0,0,0,83,1,6,9,5,3,57,902,1,7,1
83844.0,0,0,57,1,4,4,11,1,69,1574,1,8,1
17003.0,1,0,37,3,2,0,4,5,46,38,0,8,2
71163.0,0,0,30,1,3,8,12,1,26,960,0,7,1
33697.0,1,0,34,1,1,0,2,7,51,28,1,8,2
63564.0,0,0,0,1,10,10,7,6,67,1215,2,7,1
83443.0,0,0,89,1,6,10,5,2,49,1497,0,8,1
51518.0,0,1,92,2,3,2,10,3,63,449,0,8,3
58330.0,0,1,87,1,6,4,13,4,46,1064,0,8,3
80952.0,0,0,20,1,8,5,11,8,52,1757,4,8,1
75507.0,0,0,56,1,8,6,6,3,42,1440,0,7,1
63855.0,0,0,28,1,7,3,13,4,43,1006,0,8,1
62220.0,0,1,55,5,7,6,5,6,49,1226,1,9,3
58512.0,0,1,25,5,3,4,8,8,57,1171,0,8,3
40662.0,1,0,0,2,2,1,3,4,42,92,0,8,2
38829.0,0,1,86,1,3,2,2,5,62,99,0,7,2
35523.0,1,0,8,2,3,0,3,7,40,66,0,8,2
79146.0,1,1,33,2,8,1,8,6,54,564,0,7,3
78285.0,0,0,13,1,6,4,10,3,33,1427,0,8,1
31626.0,1,0,12,1,2,1,2,7,43,86,2,8,2
75127.0,0,0,92,1,2,11,5,1,69,833,0,7,1
48726.0,0,1,90,3,3,2,4,6,66,242,0,8,0
74985.0,0,0,8,1,3,6,7,2,44,1869,0,9,1
67430.0,0,0,6,1,11,5,12,6,34,1364,0,9,3
46891.0,0,1,91,1,2,1,4,4,56,183,0,8,2
62058.0,0,1,52,4,6,1,7,6,65,450,0,8,0
72063.0,0,1,3,2,5,2,12,2,42,758,0,8,3
78939.0,0,0,57,1,8,5,6,3,70,1507,0,8,1
42720.0,1,1,9,8,7,3,7,8,56,654,1,8,0
33622.0,1,1,22,3,2,0,4,7,49,81,0,8,2
6835.0,0,1,76,0,0,0,1,20,64,137,0,9,0
41452.0,1,1,86,1,1,0,2,7,68,16,0,8,2
40760.0,0,1,64,2,2,1,3,6,56,93,0,8,2
74250.0,0,0,90,1,2,11,4,1,63,1158,0,7,1
51124.0,1,1,79,2,1,0,3,3,66,43,0,8,2
72258.0,0,1,28,2,6,9,5,2,50,1525,0,8,1
71466.0,0,0,86,1,4,4,10,1,47,1230,0,7,1
36283.0,1,1,42,2,1,0,3,4,45,29,0,7,2
20587.0,1,0,39,1,1,1,2,7,51,25,0,7,2
30467.0,1,0,8,1,1,0,2,7,49,24,0,7,2
31590.0,1,0,40,1,1,0,3,8,49,38,0,8,2
20425.0,1,0,5,2,2,0,3,7,35,57,0,9,2
17144.0,1,1,96,5,3,0,4,7,61,47,0,7,0
42564.0,0,1,28,6,6,8,4,7,53,813,2,8,3
43783.0,1,0,22,6,7,1,8,7,43,629,1,7,0
40780.0,0,1,30,4,7,1,5,9,45,377,0,9,0
62847.0,0,0,45,1,3,6,4,2,76,1612,0,8,1
82017.0,0,0,58,1,5,4,7,2,64,729,4,9,1
16813.0,0,0,49,1,2,0,3,7,71,50,1,8,2
51267.0,1,1,37,4,3,3,5,4,43,270,0,8,0
46524.0,0,1,70,2,1,1,5,3,60,177,0,8,2
45183.0,0,0,33,1,4,1,7,7,59,315,1,8,2
70421.0,0,1,98,3,10,3,7,6,67,767,0,7,3
60161.0,0,1,17,3,11,4,8,8,56,1071,0,9,3
73926.0,0,0,54,1,6,5,12,3,48,1580,0,8,1
19329.0,1,0,39,3,4,0,3,8,53,60,0,8,2
61872.0,0,1,81,4,4,4,9,4,51,573,0,8,3
46984.0,1,1,71,1,1,0,3,5,65,41,0,8,2
34838.0,1,1,62,3,2,1,4,6,70,170,0,8,0
82716.0,0,0,8,1,6,8,13,2,77,1167,0,8,1
48192.0,0,0,76,3,2,8,12,8,63,1526,4,8,1
49681.0,0,2,66,6,7,1,7,7,45,458,0,8,0
56850.0,0,1,83,1,1,1,3,2,50,63,0,7,2
55267.0,0,1,28,4,3,4,6,3,64,405,0,8,3
59666.0,1,1,87,7,3,2,8,8,49,1027,1,8,0
72504.0,0,1,43,2,5,9,6,2,49,1478,0,8,1
26872.0,0,0,0,1,1,1,2,6,40,72,0,8,2
21359.0,1,0,1,2,2,0,3,8,49,48,1,8,2
73170.0,0,0,1,1,5,4,6,2,46,726,0,7,1
52750.0,0,1,72,6,5,7,9,4,66,860,0,8,3
91820.0,0,0,72,0,5,5,12,1,35,1497,0,8,1
65968.0,0,1,12,2,5,4,7,3,51,495,0,7,3
30772.0,1,1,89,1,1,0,2,6,45,20,0,7,2
22507.0,0,0,67,3,10,2,4,9,67,570,0,9,0
65685.0,0,1,54,1,9,2,9,5,49,769,0,7,3
25804.0,1,0,34,2,2,0,3,8,43,55,0,8,2
76412.0,0,0,15,1,5,4,8,3,41,1808,3,8,1
22063.0,1,0,43,2,2,0,3,7,49,55,0,8,2
57091.0,0,0,0,1,7,3,7,5,60,577,2,7,1
22419.0,0,0,74,1,3,2,2,8,58,162,0,8,2
87771.0,0,1,61,1,5,10,4,6,62,1957,5,8,1
78353.0,0,1,51,1,10,2,11,8,62,1576,0,8,3
93404.0,1,2,97,3,3,4,7,5,67,1616,2,8,3
37859.0,1,2,75,2,1,0,3,8,59,36,0,8,0
80995.0,0,1,83,1,8,9,4,4,63,1482,0,8,3
16529.0,1,0,23,1,1,0,3,6,37,22,0,7,2
55412.0,1,1,65,1,2,0,3,5,45,63,0,8,2
48789.0,0,0,94,1,6,4,7,6,29,680,0,9,3
56575.0,0,2,42,3,7,3,7,5,54,542,0,8,3
25130.0,1,0,10,2,2,0,3,7,41,50,0,8,2
35441.0,1,1,94,2,1,0,3,8,54,39,0,8,2
71391.0,0,1,50,5,6,5,12,3,65,1043,0,8,3
49494.0,1,0,46,2,6,1,5,7,49,385,0,8,2
81702.0,0,0,98,1,7,7,12,3,41,1633,0,9,1
45889.0,0,1,42,1,1,0,3,6,41,46,0,8,2
56628.0,0,1,30,2,7,6,5,5,44,761,1,7,3
34026.0,1,1,11,3,2,1,3,5,71,76,0,8,0
40049.0,0,1,61,3,3,2,6,5,47,290,0,9,0
34176.0,1,0,12,4,3,0,4,6,33,89,0,7,2
19419.0,1,0,76,4,4,0,3,9,40,70,0,9,2
82504.0,0,0,2,1,3,6,7,1,61,1066,0,8,1
81205.0,0,0,43,1,5,6,7,2,51,2009,4,7,1
61618.0,0,0,27,2,3,6,8,3,30,1345,0,9,1
55284.0,0,1,60,3,7,5,8,5,65,764,0,9,3
49980.0,0,1,79,2,3,1,5,5,58,195,0,8,0
15072.0,2,0,96,4,3,1,3,5,41,53,0,8,2
49166.0,0,1,17,2,5,3,3,6,47,368,0,8,0
65324.0,0,1,0,3,6,2,9,4,67,544,0,7,3
82347.0,0,0,38,1,7,7,10,3,64,1853,2,9,1
30843.0,1,1,43,2,1,1,2,5,55,35,1,7,2
46374.0,0,1,1,3,7,1,7,8,47,446,3,7,3
60474.0,0,1,25,7,10,2,12,7,42,1180,0,8,3
38576.0,0,1,2,1,1,0,3,7,48,41,0,7,2
55357.0,2,0,66,3,6,2,11,5,36,727,0,8,2
37758.0,1,1,49,2,1,0,3,8,55,40,0,9,2
85710.0,0,0,5,1,6,9,10,2,32,1062,1,8,1
23228.0,1,0,71,2,2,0,3,8,52,40,0,7,2
44602.0,1,1,35,6,6,1,4,8,52,292,0,7,0
7500.0,0,0,94,1,0,0,3,6,34,15,0,8,2
38683.0,1,0,80,6,4,1,6,7,32,341,0,9,0
49514.0,1,0,61,2,6,1,4,7,46,369,0,8,2
57906.0,0,1,29,3,4,2,8,4,48,401,0,8,3
43456.0,0,1,0,3,5,1,8,5,55,393,0,8,0
19485.0,2,0,80,1,1,0,2,7,35,10,0,8,2
53172.0,0,1,54,3,2,3,8,3,43,486,0,8,3
30545.0,1,0,71,2,2,0,3,7,42,69,0,9,2
70123.0,0,0,27,1,5,7,4,3,38,1727,2,8,1
62450.0,0,1,61,2,5,5,4,3,62,995,1,7,3
21675.0,1,0,55,3,4,0,3,7,45,45,0,7,2
42395.0,1,1,35,4,3,1,4,7,40,182,0,7,2
61346.0,1,0,34,1,5,7,10,3,43,989,0,8,1
80812.0,0,0,95,1,4,8,5,2,68,1677,3,8,1
42835.0,1,1,64,7,6,6,4,6,50,595,0,8,0
39922.0,1,0,30,2,3,0,4,8,38,156,0,8,2
86424.0,0,0,12,1,6,9,12,1,65,1226,0,7,1
17117.0,1,0,96,4,3,1,3,9,43,128,0,8,2
24762.0,1,0,16,3,3,1,2,8,49,86,2,7,2
35797.0,0,1,16,2,2,0,3,8,46,68,0,9,0
36627.0,2,0,78,1,0,0,3,5,46,16,0,8,2
51111.0,1,1,83,2,2,0,3,6,40,55,0,7,2
86857.0,0,0,96,1,5,6,10,2,49,2114,1,9,1
82072.0,0,0,67,1,3,2,13,1,51,2018,0,8,1
46231.0,2,1,87,4,6,1,4,9,68,263,0,9,0
42243.0,1,1,34,2,2,0,3,7,62,55,0,8,2
51195.0,1,1,46,8,9,2,5,8,59,564,0,8,0
68092.0,0,0,7,2,2,6,10,5,43,1281,0,8,1
31814.0,1,0,73,2,2,0,3,9,48,83,1,8,2
51390.0,1,1,54,6,5,2,5,5,56,353,0,9,0
76630.0,0,0,93,1,3,10,11,1,38,1003,0,7,1
26868.0,1,0,52,1,1,0,2,7,30,14,0,7,2
48948.0,0,0,53,2,7,10,5,6,78,902,2,8,3
55260.0,0,1,81,2,8,10,5,6,49,1139,0,9,3
64090.0,0,1,8,1,6,9,4,5,65,797,1,8,3
78331.0,0,1,97,2,10,6,7,4,63,1638,0,7,3
37087.0,1,0,50,3,4,2,8,6,47,401,0,8,2
21846.0,1,0,38,4,4,0,3,8,35,84,0,8,2
81320.0,0,0,61,1,4,3,10,2,63,928,0,8,1
54137.0,0,1,46,2,4,1,4,6,51,203,0,8,0
66825.0,0,0,73,1,4,5,6,2,54,858,0,8,1
57100.0,0,0,19,1,3,3,6,3,48,409,0,8,1
58917.0,1,2,10,5,4,1,6,5,52,282,0,8,0
85072.0,0,0,94,1,3,4,10,0,44,1423,0,7,1
86429.0,0,0,10,0,7,4,7,2,60,1449,2,8,1
45684.0,1,0,37,1,1,0,2,7,50,28,0,8,2
47889.0,1,0,94,1,2,0,3,5,47,67,0,7,2
45921.0,0,0,23,1,2,1,6,4,35,199,0,7,2
78420.0,0,0,75,1,3,10,8,1,55,1453,0,8,1
75114.0,0,0,40,1,3,10,5,2,29,1253,0,8,1
52278.0,0,1,24,6,10,5,10,8,58,1198,1,8,3
35641.0,1,0,11,2,3,1,4,7,49,178,1,8,2
95529.0,0,0,29,1,7,3,7,3,27,1990,2,9,1
62820.0,0,0,51,1,3,4,6,1,67,976,0,8,1
73113.0,0,0,86,1,3,4,7,2,61,1001,0,8,1
84169.0,0,0,9,1,7,6,6,3,39,1919,3,8,1
42607.0,0,1,30,2,3,2,7,3,67,350,0,8,3
74637.0,0,0,73,1,6,9,9,3,67,1650,1,8,1
46015.0,1,1,25,1,1,0,3,7,66,46,2,7,2
72354.0,0,0,67,1,2,10,6,1,28,1228,0,8,1
39858.0,1,0,67,1,2,0,4,6,52,95,1,8,2
34469.0,1,1,58,3,1,1,4,4,73,62,0,7,2
83033.0,1,0,82,1,11,4,10,5,35,1761,1,7,1
24401.0,0,0,98,3,6,1,6,8,42,467,0,9,0
77583.0,0,0,93,1,4,5,9,2,43,1149,1,7,1
74116.0,0,0,53,1,4,4,10,2,39,2052,1,8,1
74293.0,0,0,66,1,5,4,6,2,28,1127,0,7,1
68397.0,0,1,6,1,6,9,5,3,45,1416,0,8,1
79632.0,0,0,42,1,6,4,9,2,47,1113,0,7,1
46107.0,1,0,78,1,1,1,4,3,32,125,0,7,2
64950.0,0,1,29,2,11,2,10,7,70,966,1,9,3
25443.0,1,0,82,1,1,0,3,8,32,32,0,9,2
75127.0,0,0,92,1,2,11,5,1,69,833,0,7,1
32892.0,1,0,78,2,3,0,3,8,50,46,0,7,2
71796.0,0,0,54,1,9,3,4,4,50,960,0,8,1
67536.0,0,1,45,3,11,5,11,8,51,1829,1,8,3
55239.0,0,1,59,3,7,5,11,5,50,779,0,8,3
60554.0,1,0,8,2,8,4,9,6,46,811,0,8,3
64831.0,1,1,51,8,6,3,5,6,69,1120,0,8,0
56067.0,0,1,51,2,7,4,7,5,59,725,0,8,3
82025.0,0,0,76,1,3,2,6,1,38,1187,2,8,1
94384.0,0,0,62,0,5,8,5,2,68,2302,4,8,1
14906.0,0,0,86,3,2,1,3,7,35,66,0,9,2
51563.0,0,0,60,1,4,4,10,8,34,1250,2,9,1
57937.0,0,1,56,3,4,4,9,3,39,683,0,7,3
68274.0,1,1,83,2,4,2,5,3,42,305,0,8,2
39771.0,1,0,92,1,2,0,3,4,44,50,0,8,2
67893.0,0,1,31,2,3,2,9,8,46,995,0,9,3
27922.0,1,0,80,1,2,0,3,4,42,41,0,7,2
52190.0,1,1,39,3,2,1,3,5,45,77,1,7,2
44051.0,1,1,20,4,3,1,4,6,48,171,1,8,0
42767.0,2,0,53,1,3,1,2,8,50,131,0,8,2
46106.0,1,1,84,1,1,1,2,6,45,54,0,7,2
16927.0,1,1,50,5,3,0,4,8,45,53,0,8,0
59754.0,0,1,96,3,5,2,6,5,56,475,1,9,3
53700.0,0,1,94,4,5,5,8,5,69,694,0,9,3
59041.0,1,1,25,2,2,0,4,5,48,96,0,7,2
54237.0,0,1,48,4,5,2,5,6,64,361,0,8,0
70647.0,0,1,65,2,4,7,13,2,54,1079,0,9,3
52597.0,0,1,69,3,6,3,8,5,59,578,0,7,3
41021.0,1,0,12,2,2,0,3,6,52,64,1,9,2
40233.0,0,1,84,5,2,1,5,6,46,149,0,8,0
50183.0,1,1,47,7,3,1,6,5,41,231,0,7,0
54753.0,0,1,87,3,5,2,11,4,62,728,0,8,3
92955.0,0,0,35,1,6,7,9,2,48,1778,3,8,1
33471.0,1,0,47,3,3,0,4,7,48,93,0,9,2
34596.0,1,0,48,1,1,0,2,8,47,23,1,8,2
44010.0,1,0,46,6,10,2,6,9,41,662,0,9,0
84219.0,0,0,27,1,3,4,10,1,33,1198,0,7,1
40706.0,2,1,37,4,3,0,4,7,53,81,0,8,0
15716.0,1,0,8,3,3,0,4,8,33,92,0,9,2
59052.0,0,1,29,3,7,1,7,5,62,491,0,8,3
80573.0,0,0,85,1,4,6,13,2,50,1564,0,9,1
83715.0,0,0,2,1,2,8,13,0,59,926,0,7,1
82576.0,0,0,66,1,2,4,12,1,62,1910,1,9,1
56962.0,2,1,60,7,6,3,5,7,56,411,0,8,0
35704.0,1,1,54,3,2,0,4,4,69,94,0,7,2
53103.0,0,1,70,5,10,6,7,7,67,1085,1,8,3
46779.0,1,1,55,1,0,1,2,4,61,23,0,8,2
4861.0,0,0,20,0,0,0,0,14,56,6,0,7,2
33462.0,1,0,78,1,2,0,3,7,42,54,0,8,2
63693.0,0,1,63,3,11,6,9,6,43,1150,0,8,3
80763.0,0,0,17,1,5,11,6,3,71,1415,3,8,1
65352.0,0,1,43,2,4,2,8,4,47,405,0,8,3
82170.0,0,0,13,1,5,6,7,2,43,1908,0,8,1
75759.0,0,0,46,1,9,7,9,5,52,2486,4,8,1
79689.0,0,0,65,1,4,9,13,2,45,1315,0,8,1
35340.0,1,1,1,2,2,0,3,5,65,45,0,7,2
85683.0,0,0,6,1,2,4,10,1,67,1789,5,7,1
24884.0,1,0,32,1,0,0,3,7,49,19,0,9,2
42021.0,1,0,34,5,10,1,6,9,40,573,1,9,0
64449.0,1,0,70,4,5,3,12,4,32,805,0,7,3
64587.0,1,1,49,2,1,1,4,3,67,108,0,7,2
34824.0,0,0,65,1,1,0,2,6,26,23,0,7,2
75437.0,0,0,25,1,8,4,10,6,43,1493,1,8,1
26091.0,1,1,84,3,2,1,3,5,64,89,0,7,2
52845.0,1,0,7,3,8,8,6,6,48,936,1,8,3
46086.0,0,1,34,4,3,1,8,4,65,343,0,8,0
78028.0,0,1,38,1,6,4,9,7,65,528,3,9,3
95169.0,0,0,1,1,4,3,4,1,34,1901,3,8,1
56337.0,1,1,25,5,8,5,4,8,40,724,3,8,3
22434.0,1,0,25,2,2,0,3,8,34,58,0,8,2
36930.0,0,1,50,5,5,2,4,8,67,297,0,8,0
36130.0,0,1,46,6,3,8,4,4,67,488,2,8,3
65569.0,0,1,96,2,6,5,10,3,68,859,0,9,3
83844.0,0,0,57,1,4,4,11,1,69,1574,1,8,1
19514.0,1,1,47,4,3,1,2,8,53,69,1,7,2
36736.0,1,1,52,1,1,0,2,6,58,17,0,8,2
77568.0,0,1,30,1,10,2,8,5,42,2194,3,9,3
49187.0,0,1,63,1,1,1,5,2,45,116,0,7,2
30168.0,1,0,51,7,6,1,4,9,43,279,0,8,0
34053.0,0,1,14,1,3,0,3,8,53,103,0,9,0
38196.0,1,1,20,3,2,0,4,5,50,44,0,7,2
59412.0,0,0,56,1,4,2,8,3,70,406,0,7,1
70924.0,0,0,41,1,6,6,7,3,56,1363,1,7,1
54165.0,0,0,72,1,2,1,7,2,52,236,0,8,2
32300.0,1,0,1,1,1,0,3,8,48,39,0,8,2
20180.0,0,0,27,1,2,1,4,7,45,137,0,8,2
34961.0,1,0,77,3,3,1,3,7,48,79,0,7,2
28440.0,1,0,87,1,2,0,3,8,47,63,0,8,2
64504.0,1,2,81,7,11,3,4,7,68,1314,1,8,3
33564.0,0,1,51,1,1,1,3,5,55,71,0,7,2
17345.0,1,0,79,2,2,1,2,8,43,58,0,9,2
56320.0,0,1,11,3,5,4,9,4,54,702,0,8,3
28647.0,1,0,54,1,2,2,2,7,43,94,2,8,2
15038.0,1,0,93,2,2,1,2,9,34,80,0,8,2
32173.0,0,1,0,1,1,0,3,4,63,22,0,8,2
68316.0,0,1,54,5,10,7,10,6,57,1211,0,9,3
74538.0,0,0,21,1,8,8,5,3,50,1461,2,8,1
91700.0,0,0,58,1,8,6,5,3,50,1968,1,8,1
68695.0,0,0,3,1,4,4,7,2,52,1091,0,7,1
31056.0,1,0,99,1,1,0,3,8,44,55,0,8,2
79593.0,0,0,70,1,5,6,7,2,48,1366,1,7,1
28071.0,0,0,65,2,5,1,5,8,41,313,0,9,2
37334.0,1,1,44,4,3,0,4,4,63,62,0,7,2
46423.0,1,1,6,3,2,0,4,7,49,92,0,8,2
37126.0,1,0,9,1,1,2,2,6,50,72,2,7,2
47703.0,0,1,95,4,6,3,8,5,68,655,0,8,3
61180.0,0,1,70,2,5,5,6,3,62,704,1,7,3
38998.0,1,1,92,3,2,0,3,8,67,54,0,9,0
8028.0,0,0,62,15,0,1,0,19,30,178,0,9,0
76081.0,0,0,85,1,4,5,4,2,59,1033,1,7,1
34728.0,1,0,2,1,1,1,2,6,35,36,1,8,2
33168.0,0,1,0,3,2,1,4,7,56,122,0,9,0
33585.0,0,1,91,1,2,0,4,4,55,122,0,8,2
77037.0,0,1,3,1,7,7,12,3,61,1123,0,8,3
35196.0,1,0,68,6,6,1,5,8,37,497,1,9,0
44529.0,0,1,98,6,6,2,11,5,55,691,1,8,3
70924.0,0,0,41,1,6,6,7,3,56,1363,1,7,1
28764.0,1,1,16,1,1,0,2,8,55,12,1,7,2
69098.0,0,0,82,1,7,8,9,5,72,2440,0,8,1
25959.0,1,1,1,2,1,2,2,6,51,56,1,8,2
27100.0,1,0,64,1,1,0,3,7,38,37,0,8,2
70596.0,0,0,68,1,3,5,12,2,36,968,0,9,1
42557.0,0,1,98,4,6,1,4,8,47,270,0,9,0
53312.0,0,0,32,1,5,1,5,7,70,278,0,8,2
72228.0,0,0,87,1,6,7,8,3,69,1250,0,9,1
67605.0,0,0,84,1,2,8,6,1,34,938,0,8,1
62845.0,1,1,3,11,3,4,10,8,72,1178,1,9,0
65196.0,0,2,34,2,7,6,11,5,63,1155,1,8,3
42000.0,0,0,23,2,5,2,11,5,34,653,1,8,1
35860.0,1,1,37,2,1,1,2,5,48,49,1,7,2
65526.0,0,1,22,1,4,4,8,2,57,506,0,7,1
16860.0,1,1,19,3,1,1,3,7,60,38,0,9,0
83528.0,0,0,7,1,4,10,8,1,29,1650,3,7,1
64176.0,0,1,52,8,8,9,8,6,56,1826,0,9,3
22304.0,0,0,91,1,1,0,2,8,65,18,0,9,2
67023.0,0,0,93,1,3,7,13,2,43,906,0,7,1
32892.0,1,0,78,2,3,0,3,8,50,46,0,7,2
70713.0,0,1,23,6,5,6,8,3,55,1477,0,9,3
59925.0,0,1,83,3,9,2,9,6,66,766,0,9,3
39722.0,0,1,92,2,2,0,3,5,68,47,0,7,2
46610.0,0,0,4,1,6,1,6,6,63,467,0,8,3
88347.0,0,0,32,1,4,7,9,1,60,2116,1,8,1
87171.0,0,0,27,1,6,7,11,2,40,1298,2,8,1
26907.0,1,1,10,2,1,0,3,7,45,22,0,8,2
50014.0,1,0,9,2,4,1,8,5,53,396,0,7,2
41014.0,1,0,65,1,1,0,2,7,43,20,0,8,2
66294.0,0,0,68,1,4,3,5,2,56,967,0,7,1
36715.0,1,0,16,6,7,2,4,9,50,357,1,9,0
79456.0,0,0,12,1,5,6,4,3,65,1401,1,9,1
40479.0,1,0,95,1,0,0,3,4,39,15,0,8,2
75345.0,0,0,16,1,5,8,6,3,51,2087,2,8,1
54233.0,0,1,46,4,11,6,5,8,44,981,0,8,3
24163.0,1,1,3,2,1,0,3,4,51,17,0,8,2
84460.0,0,0,80,0,9,9,4,5,63,523,5,8,1
43776.0,1,0,77,1,1,0,2,6,38,23,0,7,2
71691.0,0,0,0,1,4,7,5,2,63,1192,1,7,1
85844.0,0,0,62,1,6,6,7,2,48,1958,1,7,1
39190.0,1,0,91,2,2,1,4,5,47,133,0,7,2
71367.0,0,0,24,1,4,5,7,2,62,777,0,8,1
38578.0,1,1,2,3,3,0,3,8,49,73,0,8,2
57236.0,1,1,22,3,2,1,4,3,56,121,0,7,2
61825.0,0,1,56,1,4,2,8,4,42,424,0,8,3
79803.0,0,1,54,1,4,3,5,1,63,868,0,7,1
80910.0,0,0,71,1,3,3,8,1,35,756,0,9,1
27590.0,1,0,38,1,1,0,2,7,39,12,0,8,2
56775.0,0,1,62,2,5,8,10,5,42,937,0,8,3
83829.0,0,0,78,0,4,7,6,1,46,1862,4,8,1
54210.0,0,1,18,2,4,1,7,5,42,367,0,8,0
38508.0,1,0,95,6,7,2,5,8,35,443,0,8,0
53187.0,1,0,66,2,4,1,6,5,51,267,0,8,2
30023.0,1,0,28,1,2,0,3,8,49,61,0,7,2
76045.0,0,0,78,1,4,5,11,2,61,1323,1,8,1
50870.0,0,1,13,1,2,0,3,5,69,63,0,7,2
15315.0,0,0,27,2,2,0,4,5,51,64,0,8,2
65463.0,1,0,17,2,6,2,9,5,47,562,1,7,1
66480.0,1,1,71,7,4,1,7,4,56,312,0,7,0
76773.0,0,0,79,1,2,2,11,1,67,1156,0,8,1
81698.0,0,0,1,1,8,2,5,5,38,1104,2,8,1
54466.0,1,1,78,1,1,0,2,5,48,16,0,7,2
98777.0,0,0,23,0,4,6,9,1,61,2008,1,7,1
16269.0,1,0,75,3,3,0,3,8,37,44,0,8,2
71819.0,0,1,70,3,3,3,5,6,50,1574,2,8,3
33569.0,1,0,10,1,1,1,2,8,38,63,2,8,2
36262.0,0,0,24,1,3,5,3,6,38,426,2,8,2
22634.0,0,0,47,1,2,1,2,8,55,96,0,8,2
47025.0,0,1,98,5,11,1,6,9,43,635,0,8,0
70566.0,0,1,4,2,6,5,9,3,53,757,0,8,3
31605.0,1,0,15,2,2,1,4,7,42,125,0,9,2
52034.0,1,1,67,5,4,2,5,7,48,332,0,8,0
48526.0,1,0,32,1,2,1,4,3,42,135,0,8,2
46734.0,0,1,40,2,6,1,5,7,67,330,0,9,0
39552.0,1,1,54,7,6,2,5,8,59,384,1,9,0
86358.0,1,1,78,4,5,3,6,8,55,1722,0,9,3
46931.0,2,1,94,2,1,1,3,3,44,78,0,7,2
16581.0,0,0,51,1,0,0,3,4,36,24,0,8,2
63998.0,0,0,42,1,7,6,11,4,69,1168,1,8,1
67381.0,0,1,67,4,2,2,9,7,70,957,1,8,3
25930.0,1,1,87,1,1,0,2,7,54,15,0,8,2
42693.0,1,0,29,1,1,0,3,5,43,57,0,7,2
85606.0,0,1,89,2,6,7,9,3,45,1956,1,9,1
72903.0,0,0,74,1,7,5,8,4,36,2013,4,8,1
49669.0,1,0,97,2,5,1,6,6,47,326,0,7,2
36778.0,1,1,63,3,3,0,3,9,53,77,0,9,0
85696.0,0,0,88,1,4,6,9,1,59,1313,1,8,1
10979.0,0,0,34,2,3,0,3,5,32,30,0,7,2
49678.0,0,1,81,2,6,2,4,7,60,315,0,8,0
56129.0,0,1,65,4,6,2,10,4,68,660,0,8,3
37155.0,1,0,51,1,2,0,4,5,32,74,0,8,2
21282.0,1,0,76,2,2,1,2,6,43,46,0,7,2
33419.0,0,1,76,2,2,0,4,7,59,86,0,8,0
63285.0,0,0,84,1,6,5,13,3,76,1103,0,8,1
21255.0,1,0,56,4,2,1,4,4,47,61,0,7,2
42162.0,1,0,31,2,3,1,3,6,40,145,2,8,2
54450.0,1,1,0,12,9,2,8,8,65,684,0,9,0
57744.0,0,1,91,2,9,1,4,8,67,411,0,8,0
26576.0,1,0,40,1,1,0,2,9,35,27,2,9,2
57513.0,0,0,59,2,9,3,13,6,78,1060,0,8,3
68142.0,0,1,96,3,10,4,7,6,57,1459,0,9,3
7500.0,0,1,61,1,1,0,2,8,42,18,0,9,2
83145.0,0,0,14,1,5,9,11,2,47,1833,2,9,1
54197.0,0,1,16,2,1,3,6,1,61,237,0,7,2
23091.0,1,1,98,4,2,1,3,7,58,48,0,7,2
46049.0,1,1,11,10,5,2,9,7,45,515,1,8,0
56715.0,0,0,52,1,7,3,4,4,47,1020,0,9,3
79410.0,0,0,19,1,3,2,5,1,60,1370,0,7,1
57304.0,0,1,61,2,7,6,10,5,70,1026,0,8,3
44375.0,0,1,73,1,4,1,6,5,56,301,0,7,2
54450.0,1,1,0,12,9,2,8,8,65,684,0,9,0
59594.0,0,1,74,1,8,1,7,7,56,499,1,9,3
80685.0,0,0,55,1,6,4,10,2,27,1004,0,9,1
40344.0,0,1,48,2,4,1,5,7,47,218,0,8,0
62710.0,0,1,53,4,4,2,12,4,49,606,0,8,3
48985.0,0,1,13,1,1,1,3,3,53,75,0,8,2
35322.0,1,2,34,3,2,0,4,8,53,106,0,9,0
77142.0,0,0,54,1,4,4,8,2,73,990,0,8,1
81657.0,0,0,69,1,3,4,8,1,52,1097,0,7,1
14421.0,0,0,81,1,1,0,2,5,25,16,1,7,2
20130.0,0,0,99,1,1,0,3,8,47,34,0,7,2
74214.0,0,0,3,1,8,2,5,5,31,1711,0,9,1
66726.0,1,1,61,3,8,2,4,7,64,438,1,7,0
23724.0,1,0,65,2,2,0,3,8,42,75,0,8,2
47353.0,0,1,93,3,2,2,6,5,61,225,0,8,0
33444.0,1,1,24,1,1,0,2,8,69,18,0,9,2
54386.0,0,1,8,2,3,2,10,3,40,470,0,8,3
28510.0,1,1,72,3,2,0,4,5,40,91,0,8,2
90638.0,0,0,29,1,3,4,10,1,30,2525,1,7,1
48070.0,0,1,33,3,8,2,6,7,71,504,0,8,0
43140.0,0,1,68,1,4,1,5,6,64,235,0,8,0
54959.0,0,1,55,3,9,5,4,7,60,1232,2,8,3
15056.0,1,1,76,5,2,2,3,5,63,88,0,8,0
26954.0,1,0,17,1,1,0,2,7,50,17,0,7,2
22327.0,1,0,94,1,1,0,3,5,36,24,0,8,2
44393.0,1,1,86,2,1,0,4,4,56,60,0,8,2
62000.0,0,1,25,1,6,6,13,4,69,1020,1,8,3
31497.0,0,1,22,2,3,1,4,8,59,155,0,9,0
45894.0,0,2,15,1,1,0,3,5,47,51,0,7,2
78579.0,0,0,35,1,5,6,4,3,51,1812,1,9,1
67369.0,0,1,81,4,7,4,10,4,52,1461,3,9,3
58401.0,0,1,55,1,1,2,2,4,61,96,0,7,2
62307.0,0,1,94,1,4,0,4,5,69,160,0,7,2
43641.0,1,1,50,3,2,1,4,6,52,139,0,8,2
63841.0,0,1,64,1,9,3,9,6,53,908,0,8,3
46891.0,0,1,91,1,2,1,4,4,56,183,0,8,2
70091.0,1,0,11,2,5,2,10,8,52,1161,1,8,3
78075.0,0,0,72,1,3,5,5,1,49,988,0,7,1
59184.0,0,1,6,3,6,6,12,5,60,1072,0,9,3
54809.0,1,1,0,4,2,1,5,4,44,174,0,8,2
58113.0,0,1,66,3,9,2,8,7,62,758,0,8,3
51412.0,0,1,42,2,3,2,4,4,63,195,0,8,0
15287.0,1,0,60,2,1,1,2,7,42,31,2,9,2
66636.0,0,0,64,1,3,4,9,1,64,1084,0,8,1
50965.0,0,1,87,3,10,4,5,8,65,685,1,8,3
84618.0,0,0,96,1,6,9,10,2,56,1672,1,8,1
18351.0,0,0,1,1,2,0,3,7,31,43,0,8,2
40451.0,0,2,54,1,1,1,2,5,64,49,1,7,2
36317.0,0,1,53,2,3,0,4,7,56,133,0,8,0
42213.0,0,1,96,2,5,1,7,7,64,363,1,8,0
65748.0,0,1,58,2,2,4,10,1,66,545,0,8,3
77044.0,0,1,12,2,7,11,11,4,49,1065,1,8,1
74918.0,0,0,78,1,5,9,6,3,52,2047,1,8,1
56721.0,1,1,64,5,4,1,5,6,49,296,0,9,0
42160.0,1,1,26,4,2,1,4,6,46,140,1,8,0
61559.0,0,1,8,1,4,2,10,3,56,530,0,8,3
33629.0,1,1,49,5,3,1,4,9,58,152,0,9,0
68682.0,0,0,56,1,4,9,10,2,30,1598,0,8,1
34377.0,0,1,55,2,2,2,2,7,58,114,0,8,2
8940.0,1,0,25,3,3,1,3,8,35,101,0,9,2
26228.0,1,0,50,1,1,0,2,8,48,25,0,8,2
77297.0,0,0,84,1,5,7,9,4,64,789,1,8,1
40211.0,1,1,30,2,2,1,2,8,40,87,1,8,2
33438.0,1,1,81,4,2,1,4,5,63,90,0,8,0
75032.0,0,1,74,2,5,4,9,3,62,1215,0,8,3
61284.0,0,0,76,1,11,2,8,6,66,811,1,8,3
22518.0,1,0,36,2,2,1,2,5,35,61,2,9,2
54730.0,0,1,64,5,4,1,8,4,46,405,0,8,0
38452.0,1,1,62,3,3,0,3,7,66,72,0,7,2
44421.0,1,1,53,5,5,0,4,8,50,189,0,8,0
38197.0,1,0,86,1,1,0,3,5,35,40,0,8,2
41986.0,0,1,15,3,3,0,4,4,43,63,0,7,2
28427.0,1,0,67,2,2,0,3,8,38,52,0,8,2
37395.0,1,0,47,1,1,0,3,6,45,39,0,7,2
64722.0,1,0,47,4,8,2,11,6,50,805,0,7,3
55249.0,0,1,81,1,2,1,4,3,65,130,0,7,2
84906.0,0,0,98,1,5,6,12,2,49,1631,3,8,1
28691.0,1,0,56,1,1,0,3,8,32,34,0,8,2
44213.0,1,1,48,4,2,1,5,6,69,152,0,8,0
25707.0,1,0,18,1,1,0,3,7,37,21,0,7,2
59062.0,2,1,74,2,2,0,3,4,54,71,0,8,2
76624.0,0,1,68,1,5,10,7,1,59,899,1,7,1
66000.0,0,0,36,1,1,3,5,1,74,711,0,7,1
27683.0,1,0,90,4,6,2,4,8,43,351,0,9,0
1730.0,0,0,65,15,0,0,0,20,50,8,0,7,0
7500.0,1,0,63,4,3,2,2,9,29,119,0,9,2
40521.0,1,1,82,1,0,1,2,5,53,21,0,8,2
20427.0,1,0,63,1,1,0,2,8,48,10,0,7,2
65106.0,0,1,55,3,8,3,13,6,46,973,1,7,3
69969.0,0,0,64,1,4,2,6,3,56,1536,3,8,1
67433.0,0,2,51,4,6,5,13,4,69,992,1,8,3
77766.0,0,1,97,2,11,10,11,6,54,1529,2,8,3
74716.0,0,1,92,2,7,3,5,4,49,860,0,8,3
68118.0,0,1,51,2,8,9,4,6,58,928,0,8,3
55158.0,1,1,72,4,7,2,5,7,51,418,1,9,0
62972.0,0,1,39,2,7,4,3,6,66,587,1,9,3
74190.0,0,1,49,2,4,2,11,2,46,641,0,7,1
39356.0,1,1,21,1,1,0,2,6,45,23,1,7,2
76653.0,0,0,91,1,4,7,11,2,52,2279,2,8,1
35860.0,1,1,37,2,1,1,2,5,48,49,1,7,2
90687.0,0,0,98,1,6,2,8,2,38,1779,2,8,1
73450.0,0,0,85,1,7,8,11,3,39,1804,2,8,1
31454.0,1,1,40,3,2,0,3,8,61,48,0,8,0
47139.0,1,1,2,2,2,1,2,7,69,83,1,7,2
83829.0,0,0,78,0,4,7,6,1,46,1862,4,8,1
53378.0,1,1,41,10,9,4,6,8,58,793,1,9,0
19656.0,1,0,94,3,2,1,3,7,51,84,0,8,2
45579.0,0,1,10,1,4,1,4,6,73,183,0,8,0
85485.0,0,0,73,1,6,6,6,2,63,1383,0,7,1
55956.0,0,0,22,2,7,3,4,4,77,999,1,7,1
64191.0,0,1,30,3,5,3,13,3,58,825,0,8,3
38808.0,1,0,21,4,5,1,4,8,49,246,2,9,0
57183.0,1,1,51,8,9,1,7,8,55,610,0,8,0
23748.0,1,0,97,3,2,1,3,8,53,76,0,9,2
66303.0,0,1,56,4,3,4,11,8,50,1286,1,8,3
37368.0,1,0,4,1,1,0,2,6,46,30,1,8,2
40800.0,1,2,77,2,3,0,3,7,57,99,0,8,0
71847.0,0,0,95,0,6,7,9,3,43,1192,1,9,1
46149.0,0,1,36,5,5,1,7,5,46,362,0,8,0
78687.0,0,0,13,1,4,6,8,2,38,2130,2,9,1
49118.0,0,0,90,2,9,7,10,7,50,1229,3,9,3
37633.0,1,1,49,2,1,0,3,9,64,38,0,9,0
39767.0,0,0,18,2,7,1,7,8,70,485,0,8,0
26997.0,0,0,89,2,4,2,5,7,70,434,0,9,0
33986.0,1,0,43,1,1,0,3,7,51,44,0,8,2
57091.0,0,1,82,2,9,2,5,7,49,496,2,9,3
46831.0,1,1,84,2,1,2,2,4,52,78,0,8,2
83151.0,0,0,80,1,5,7,10,2,49,2346,4,8,1
52531.0,0,0,68,2,7,2,10,6,50,794,0,9,3
15759.0,0,0,12,1,1,0,2,7,65,17,0,8,2
22804.0,1,0,75,1,2,0,2,9,50,26,0,8,2
43050.0,1,0,10,2,2,0,4,5,48,76,0,7,2
42997.0,1,1,91,1,1,0,2,7,44,15,0,8,2
48918.0,1,1,21,2,1,0,4,4,58,62,0,7,2
60033.0,0,1,28,2,2,1,5,2,67,198,0,7,2
34043.0,1,0,97,1,2,0,2,9,43,49,0,8,2
57811.0,0,1,49,5,7,2,11,5,55,802,1,8,3
78569.0,0,0,14,1,4,6,4,1,75,1736,2,7,1
7500.0,1,1,5,4,2,1,3,6,43,57,0,9,0
157733.0,1,0,37,0,1,0,1,1,50,59,0,8,2
94384.0,0,0,62,0,5,8,5,2,68,2302,4,8,1
23148.0,0,0,83,1,2,0,3,7,36,37,0,7,2
44267.0,1,1,48,5,5,2,4,9,51,310,0,8,0
71626.0,0,0,94,1,5,5,8,3,42,1305,1,9,1
60894.0,0,1,61,5,10,3,8,7,55,832,0,8,3
50200.0,1,1,70,6,7,1,5,8,45,401,0,8,0
81051.0,0,0,43,1,5,5,12,2,56,1501,2,7,1
65169.0,0,0,23,1,10,4,13,6,39,1189,5,7,1
59868.0,0,1,37,7,11,2,12,6,49,1194,0,8,3
65695.0,0,1,50,2,5,4,10,4,61,656,0,7,3
64857.0,0,0,78,1,7,5,10,4,65,1540,0,9,1
45143.0,0,1,74,3,6,1,5,7,56,311,0,8,0
74805.0,0,1,14,5,4,7,10,2,66,820,0,8,3
59060.0,1,0,77,3,3,1,7,4,32,274,0,7,2
27238.0,1,1,39,3,3,0,3,9,59,57,0,8,0
47009.0,0,1,89,4,3,2,8,4,56,448,0,8,3
46094.0,1,1,62,1,1,0,3,7,48,44,0,7,2
40321.0,1,1,59,2,3,0,3,7,49,102,0,8,2
37235.0,1,0,68,1,1,1,2,4,37,61,0,7,2
81843.0,0,0,13,1,5,9,12,3,61,1643,0,8,1
46692.0,0,1,37,3,6,1,5,6,63,397,0,8,0
77382.0,0,1,36,2,5,7,12,1,53,1121,1,7,1
37774.0,2,0,28,4,7,2,3,9,44,473,2,9,0
18393.0,1,0,2,2,3,0,3,8,47,50,0,7,2
72828.0,0,1,17,6,6,3,13,7,59,1678,0,8,3
24711.0,0,0,86,1,3,0,3,7,39,58,0,7,2
45503.0,1,0,54,1,3,1,4,5,46,170,0,8,2
6560.0,0,0,2,0,1,0,1,17,39,373,0,8,2
71604.0,0,0,3,1,8,3,5,4,76,1196,2,8,1
27244.0,1,0,84,2,2,2,2,7,42,101,0,7,2
48752.0,1,1,8,5,6,1,5,9,52,316,1,9,0
71434.0,0,1,4,3,7,4,7,4,59,1400,2,8,3
90842.0,0,0,57,1,4,9,13,1,73,1424,0,8,1
88097.0,1,0,24,1,6,5,8,9,43,844,4,9,1
51948.0,0,1,51,2,5,2,4,5,46,311,0,8,0
71853.0,0,0,29,1,2,8,6,1,39,1149,0,8,1
35876.0,0,0,13,1,3,1,3,6,38,129,0,7,2
40049.0,0,1,23,1,1,0,3,6,69,32,0,8,2
39660.0,1,0,36,3,7,1,3,9,39,299,1,9,0
50127.0,0,1,88,1,5,1,6,6,59,320,1,7,3
43263.0,0,1,2,3,5,2,6,5,44,441,0,9,0
62845.0,1,1,3,11,3,4,10,8,72,1178,2,9,3
18929.0,0,0,15,1,1,0,4,6,31,85,0,8,2
24367.0,1,0,58,1,1,0,2,9,39,24,0,8,2
33249.0,1,0,11,2,2,1,3,6,46,112,0,8,2
26887.0,0,1,27,1,1,0,3,6,62,30,0,8,2
50150.0,0,0,32,2,5,2,7,5,38,410,0,8,2
62061.0,0,1,12,3,10,4,7,6,45,800,1,8,3
85696.0,0,0,88,1,4,6,9,1,59,1313,1,8,1
76542.0,0,0,91,1,4,8,10,2,65,1483,0,8,1
70515.0,0,0,12,1,6,6,4,2,28,1258,1,8,1
18227.0,1,0,21,1,0,1,2,8,34,28,0,9,2
69139.0,0,1,23,1,4,1,5,4,56,227,0,7,2
69109.0,0,0,10,1,6,6,7,4,39,1555,2,9,1
69627.0,0,1,35,2,8,2,11,5,59,861,0,8,3
38136.0,1,0,69,2,3,1,2,8,43,103,1,8,2
62159.0,0,0,68,1,6,2,10,4,75,634,0,7,1
80695.0,0,0,85,1,5,8,5,2,58,1918,0,8,1
33316.0,1,1,34,3,2,1,4,6,50,131,0,8,2
58554.0,1,1,55,6,8,2,6,7,53,586,0,9,0
17256.0,1,0,10,2,2,1,2,8,29,62,1,8,2
53034.0,1,1,30,8,6,1,7,8,47,447,0,8,0
52203.0,0,0,36,1,8,7,11,6,71,939,0,9,3
59601.0,0,1,14,4,2,2,7,8,44,797,1,8,0
75154.0,0,1,79,1,6,3,6,3,63,1143,1,9,3
47025.0,0,1,52,3,6,3,5,6,45,415,0,8,0
37971.0,1,0,97,1,1,0,3,8,48,30,0,8,2
41335.0,1,0,24,3,4,1,4,7,53,187,0,8,2
67267.0,0,1,0,1,3,2,5,2,63,251,0,7,3
57338.0,0,1,96,2,4,1,5,5,46,237,0,7,2
50523.0,1,1,89,2,2,0,4,6,61,91,0,8,2
35791.0,2,1,94,2,1,0,3,8,56,35,0,8,2
50611.0,0,1,98,6,4,5,7,6,61,493,1,9,3
56242.0,0,1,72,5,8,4,11,6,52,971,0,8,3
48904.0,0,1,1,4,7,2,4,8,61,371,0,9,0
56243.0,1,2,26,6,4,2,8,5,46,396,0,8,0
21355.0,1,0,5,2,2,1,2,6,36,68,2,8,2
57420.0,0,1,22,3,5,1,6,7,50,322,1,8,0
52247.25135379061,0,1,39,2,4,2,6,5,51,317,0,8,0
46390.0,0,1,56,1,4,2,3,7,66,222,0,7,2
54342.0,1,1,74,4,3,1,4,6,65,177,0,8,0
52247.25135379061,1,1,87,1,1,0,3,5,63,45,0,9,2
52247.25135379061,1,1,49,1,1,0,2,7,57,21,0,7,2
20895.0,1,0,24,1,2,0,3,9,48,45,0,9,2
92344.0,0,0,9,0,5,10,5,1,73,1899,2,7,1
52247.25135379061,1,0,17,1,1,0,3,7,49,42,0,7,2
26907.0,1,1,10,2,1,0,3,7,45,22,0,8,2
44964.0,1,1,35,1,1,0,3,8,41,41,0,9,2
75507.0,0,0,56,1,8,6,6,3,42,1440,0,7,1
53761.0,1,1,7,6,4,4,3,5,49,325,0,8,0
22682.0,1,0,51,3,2,1,4,4,48,95,0,8,2
38887.0,1,0,17,1,1,0,3,7,49,42,0,7,2
41658.0,1,1,30,2,1,1,2,4,46,72,0,9,2
29791.0,1,0,21,2,2,0,3,5,49,20,0,7,2
63915.0,0,2,2,2,6,3,12,5,65,789,0,8,3
39996.0,1,1,85,1,1,0,2,6,47,15,0,7,2
26759.0,1,0,65,2,2,1,3,6,49,59,0,7,2
63841.0,0,1,64,1,9,3,9,6,53,908,0,8,3
51039.0,1,1,11,2,6,2,4,7,52,417,0,9,0
60544.0,1,1,92,4,5,1,5,6,60,289,0,9,0
65685.0,0,1,54,1,9,2,9,5,49,769,0,7,3
37716.0,0,1,4,2,4,1,3,7,68,188,0,7,0
36864.0,0,1,53,3,5,2,4,8,64,354,1,9,0
44511.0,1,0,39,6,8,4,8,8,51,727,0,9,0
36947.0,1,1,49,4,3,0,4,9,54,146,0,9,0
47352.0,0,1,70,4,6,1,5,7,70,319,0,8,0
67087.0,0,1,40,2,7,5,8,4,68,794,0,8,3
57045.0,0,1,40,3,4,2,9,3,71,454,0,9,3
36957.0,1,1,43,4,3,2,2,9,68,152,1,9,0
69389.0,0,1,17,1,7,2,12,4,44,797,0,9,3
80134.0,1,0,40,2,5,3,6,6,49,1690,4,8,1
43142.0,1,1,84,1,1,0,2,7,52,20,0,7,2
80589.0,0,0,25,1,5,10,5,1,77,1428,2,7,1
34412.0,1,0,62,3,5,0,3,9,31,209,0,8,2
57537.0,1,0,83,4,4,3,8,4,42,545,0,8,2
22634.0,0,0,47,1,2,1,2,8,55,96,0,8,2
51315.0,0,0,45,1,2,2,5,2,73,222,0,7,2
36026.0,2,1,34,2,2,0,3,6,49,61,0,7,2
24639.0,1,1,3,3,2,0,4,6,48,44,0,7,2
34578.0,2,1,1,1,1,0,2,6,49,8,0,7,2
65704.0,0,0,18,1,2,10,10,1,49,817,0,8,1
63810.0,0,1,45,4,4,3,12,8,55,1371,1,9,3
54132.0,0,1,81,1,1,0,3,7,52,42,0,7,2
18690.0,0,0,77,1,1,1,2,8,62,60,0,9,2
28164.0,1,0,23,3,2,0,4,7,51,78,0,8,2
34596.0,1,0,48,1,1,0,2,8,47,23,0,8,2
43269.0,1,0,61,1,1,0,2,8,49,19,0,8,2
38741.0,1,1,60,2,2,0,3,7,63,61,0,7,2
31907.0,0,0,75,1,6,1,6,7,49,449,0,8,2
27100.0,1,0,64,1,1,0,3,7,38,37,0,8,2
31163.0,1,0,54,1,1,0,3,6,48,38,0,7,2
92533.0,0,0,84,1,6,5,11,2,36,1131,2,8,1
34853.0,1,1,75,2,2,0,3,6,48,34,0,8,2
70844.0,1,1,16,5,6,1,5,7,54,294,0,8,0
31086.0,1,1,79,2,1,1,2,8,42,48,1,8,2
60544.0,1,1,92,4,5,1,5,6,60,289,0,9,0
20491.0,0,0,16,1,0,1,2,7,35,30,0,8,2
42523.0,0,0,96,1,1,1,4,2,57,125,0,7,2
39922.0,1,0,30,2,3,0,4,8,38,156,0,8,2
33402.0,1,1,60,3,2,1,3,8,69,70,0,8,0
36408.0,1,1,11,1,1,0,2,6,72,22,0,8,2
21645.0,1,0,75,3,3,0,3,9,42,65,1,9,2
78427.0,0,0,36,3,3,7,10,3,73,1930,2,9,1
82657.0,0,0,71,1,7,5,10,4,75,2283,2,8,1
51876.0,0,0,88,1,2,2,8,1,63,310,0,8,1
78041.0,0,0,93,1,4,4,9,2,50,1319,0,9,1
52852.0,0,1,93,4,10,7,5,8,64,879,1,9,3
70038.0,0,0,54,1,4,4,8,2,39,1244,0,8,1
69401.0,0,1,41,4,4,4,5,2,48,690,0,7,3
46053.0,1,0,46,3,3,2,4,5,49,209,0,8,2
77343.0,0,0,28,1,3,4,9,1,56,1134,0,7,1
73892.0,0,0,40,1,3,11,8,1,68,1507,1,8,1
40304.0,1,0,82,1,2,0,3,7,54,57,0,8,2
32727.0,0,0,38,2,7,3,5,8,56,529,0,9,0
68695.0,0,0,3,1,4,4,7,2,52,1091,0,7,1
43300.0,0,1,87,3,4,0,4,8,50,180,1,9,0
26290.0,1,1,49,4,2,0,4,6,49,77,0,8,2
93790.0,0,0,16,0,6,7,12,2,51,2349,4,7,1
38410.0,0,0,65,2,5,2,9,6,47,534,1,9,3
64866.0,0,1,9,4,7,3,7,5,71,556,1,7,3
57957.0,0,1,24,7,4,6,8,3,62,637,0,8,3
46015.0,1,1,25,1,1,0,3,7,66,46,2,7,2
16531.0,1,0,43,3,3,0,3,7,43,44,0,7,2
28072.0,1,0,10,1,1,0,3,7,35,47,0,8,2
49476.0,0,1,29,4,2,11,5,2,58,795,0,8,3
50725.0,0,1,45,4,8,1,8,8,68,586,0,8,0
83844.0,0,0,57,1,4,4,11,1,69,1574,1,8,1
41145.0,1,1,20,1,0,0,3,3,71,13,0,7,2
67419.0,0,1,29,4,9,4,8,5,51,1471,0,8,3
23162.0,1,1,82,3,1,1,3,6,51,65,0,8,2
34380.0,1,0,68,4,4,1,3,8,44,175,0,8,2
34704.0,0,1,65,1,1,0,3,5,55,40,0,8,2
94871.0,0,2,99,1,8,5,4,7,52,1078,3,9,3
65148.0,0,1,9,2,6,6,7,4,63,1115,0,9,3
39898.0,0,1,20,2,3,0,4,7,67,134,0,8,0
64857.0,0,0,78,1,7,5,10,4,65,1540,0,9,1
59892.0,0,1,26,1,2,1,3,3,51,87,0,8,2
41020.0,0,0,68,1,3,2,4,3,34,217,0,8,2
57072.0,0,1,79,2,7,5,13,5,60,1034,1,7,3
60474.0,0,1,25,7,10,2,12,7,42,1180,0,8,3
62807.0,0,1,83,3,5,3,12,5,61,819,0,9,3
19414.0,1,0,32,1,1,0,3,8,40,32,0,8,2
19107.0,1,0,49,2,1,0,3,7,41,46,0,8,2
75484.0,0,1,50,2,7,3,6,4,45,1159,0,9,3
70379.0,0,1,84,3,6,3,13,4,45,860,0,8,3
79419.0,0,0,96,1,4,6,4,2,51,1631,0,7,1
64014.0,2,1,56,7,8,2,5,7,75,444,1,7,0
76998.0,0,1,85,2,11,8,8,6,66,1910,1,8,3
49854.0,1,0,63,5,6,2,5,6,49,380,0,8,0
60585.0,1,1,17,10,7,4,9,5,50,736,1,8,3
42873.0,1,1,11,4,6,1,4,8,71,269,0,8,0
87679.0,0,0,62,1,7,11,10,4,33,2524,4,8,1
57867.0,1,0,48,7,7,2,9,6,43,612,0,8,0
35765.0,1,0,86,2,2,0,4,6,31,75,0,8,2
65492.0,0,0,73,2,4,7,13,2,62,1045,0,7,1
32952.0,1,0,36,1,2,0,3,7,44,55,0,8,2
53374.0,0,1,34,6,4,2,9,9,52,1064,2,9,3
71706.0,0,1,16,4,9,5,7,5,62,1443,0,9,3
68487.0,0,0,48,1,9,7,13,4,33,1366,0,8,1
53253.0,1,1,61,7,4,3,5,5,46,436,0,8,0
31163.0,1,0,54,1,1,0,3,6,48,38,0,7,2
42014.0,1,0,56,6,7,1,6,8,44,436,1,9,0
54108.0,1,1,74,13,8,2,9,8,48,747,0,9,0
49667.0,0,0,35,2,5,10,5,8,66,1396,2,9,3
63206.0,0,0,65,1,4,3,6,2,47,928,1,7,1
57136.0,1,1,48,9,5,2,10,6,49,642,0,8,0
46772.0,0,1,88,6,11,8,5,8,46,1048,1,9,3
78931.0,0,0,19,1,2,8,13,1,50,943,0,8,1
53977.0,0,1,21,5,5,5,12,5,63,907,0,8,3
84219.0,0,0,27,1,3,4,10,1,33,1198,0,7,1
46098.0,1,1,86,4,3,2,2,8,46,120,0,9,0
73538.0,0,1,92,3,10,4,9,7,56,1658,0,9,3
79529.0,0,0,1,1,4,8,9,2,35,1638,0,7,1
20981.0,0,0,14,1,3,1,2,8,44,73,1,8,2
51766.0,1,0,74,2,4,2,4,5,41,275,0,7,2
55759.0,0,1,84,5,10,3,8,8,59,854,0,9,3
33039.0,1,0,4,1,2,0,4,5,43,78,0,8,2
37787.0,1,0,50,1,3,0,3,8,49,106,0,8,2
27242.0,1,0,2,2,2,0,3,9,51,106,1,9,2
87188.0,0,0,73,1,10,2,6,3,38,1923,1,8,1
69930.0,0,0,21,1,4,5,12,3,50,1662,0,8,1
37697.0,1,0,82,1,2,1,3,6,45,84,0,7,2
37401.0,1,0,14,2,2,0,3,7,48,48,0,7,2
3502.0,1,0,56,0,0,0,0,14,48,5,0,8,2
58597.0,1,1,20,12,7,4,9,7,45,733,0,9,0
82032.0,0,0,54,0,4,6,7,1,73,1234,0,7,1
28087.0,1,1,77,3,2,2,2,7,63,112,0,9,0
74004.0,0,0,5,1,4,6,4,3,34,1658,3,7,1
19740.0,0,1,65,2,1,1,3,5,61,55,0,8,2
57036.0,0,1,33,4,6,3,13,9,46,1513,1,9,3
53083.0,1,1,65,6,5,1,5,7,63,271,1,8,0
69283.0,0,1,41,4,7,3,13,5,46,904,0,7,3
46098.0,1,1,86,4,3,2,2,8,46,120,1,9,0
23331.0,1,0,92,2,3,0,3,8,33,103,0,9,2
23331.0,1,0,97,6,5,1,5,9,33,269,0,9,0
9255.0,1,0,91,1,1,1,2,8,32,22,0,8,2
67786.0,0,0,0,1,3,6,6,1,62,1156,1,8,1
71969.0,0,1,59,3,3,4,9,8,50,1086,1,9,3
59235.0,1,0,4,3,11,2,12,7,54,1128,0,8,3
31928.0,1,0,5,2,3,0,4,7,32,72,0,7,2
74881.0,1,1,48,4,9,2,12,5,60,964,0,8,3
65819.0,0,0,99,1,5,4,10,3,43,1383,0,9,1
51411.0,1,2,81,1,0,0,3,5,68,18,0,8,0
51983.0,0,1,95,3,9,2,10,7,57,793,0,9,3
42386.0,1,0,43,1,3,0,3,8,35,100,0,8,2
30390.0,0,0,5,1,2,0,3,6,34,80,0,8,2
30983.0,0,0,50,1,4,0,3,8,58,167,1,9,2
66033.0,0,1,76,2,8,3,7,7,64,677,0,8,3
37284.0,1,1,46,1,0,0,3,6,46,23,0,8,2
57530.0,0,1,68,1,1,1,4,1,70,92,0,8,2
76800.0,0,0,33,1,4,4,7,1,56,641,0,7,1
63943.0,0,1,50,1,6,4,6,5,65,1106,0,9,3
76081.0,0,0,85,1,4,5,4,2,59,1033,1,7,1
67445.0,0,1,63,5,9,6,12,6,47,1174,0,9,3
37054.0,1,1,89,2,1,0,3,7,54,25,0,8,2
47175.0,1,1,81,7,4,2,4,8,59,240,2,9,0
31859.0,1,0,77,1,1,0,2,7,45,20,0,8,2
27215.0,2,1,50,4,2,1,4,6,60,102,0,8,0
70179.0,0,1,10,3,7,3,13,5,45,1034,0,8,3
39922.0,1,0,30,2,3,0,4,8,38,156,0,8,2
49681.0,0,2,66,6,7,1,7,7,45,458,0,8,0
24645.0,1,0,16,1,1,0,2,8,33,17,0,9,2
79865.0,0,1,12,1,5,10,5,1,67,792,0,7,1
44322.0,1,0,30,2,3,0,3,8,36,92,0,7,2
47958.0,0,1,8,2,6,3,5,5,69,407,0,8,3
63972.0,0,1,93,4,5,4,10,4,57,1269,1,9,3
75315.0,0,1,14,2,5,4,12,2,67,841,0,7,3
55517.0,1,1,53,5,11,1,6,9,71,633,1,9,0
75283.0,1,2,26,11,6,3,5,4,64,1019,0,8,0
82800.0,0,0,23,1,7,6,12,3,75,1315,3,9,1
38998.0,1,1,92,3,2,0,3,8,67,54,0,9,0
90638.0,0,0,29,1,3,4,10,1,30,2525,2,7,1
27161.0,1,0,41,1,1,0,3,7,35,52,0,8,2
42014.0,1,0,56,6,7,1,6,8,44,436,1,9,0
38201.0,0,1,19,4,5,1,5,8,61,268,0,8,0
45203.0,2,0,4,1,3,1,3,6,39,147,1,7,2
81574.0,0,0,89,1,4,5,8,1,74,1798,2,7,1
34935.0,0,0,71,1,2,1,4,7,29,137,0,8,2
60482.0,0,1,81,1,7,2,7,7,45,507,0,8,3
34633.0,2,1,31,1,1,0,2,6,65,15,0,7,2
78093.0,0,0,53,1,4,7,5,1,74,1105,0,8,1
82460.0,0,0,78,1,5,3,6,1,71,974,0,8,1
45903.0,0,1,80,2,2,1,3,4,55,66,0,7,2
81361.0,0,0,18,1,3,10,13,1,34,778,1,7,1
35860.0,1,1,37,2,1,1,2,5,48,49,2,7,2
40442.0,1,1,52,4,3,1,4,7,69,169,1,9,0
61482.0,0,0,39,1,3,2,6,2,56,299,0,7,1
34968.0,1,0,11,7,3,2,5,7,41,221,0,8,0
75794.0,0,0,33,1,7,5,12,3,34,1682,1,8,1
31497.0,0,1,22,2,3,1,4,8,59,155,0,9,0
74268.0,0,0,83,1,4,3,5,2,66,892,0,8,1
13724.0,1,0,43,1,2,0,2,9,33,58,1,9,2
45143.0,0,1,74,3,6,1,5,7,56,311,0,8,0
52569.0,0,1,54,1,2,0,4,3,54,95,0,7,2
48432.0,0,1,3,5,7,1,6,8,48,424,1,9,0
17144.0,1,1,96,5,3,0,4,7,61,47,0,7,0
36108.0,1,0,68,3,7,1,4,9,37,339,1,8,2
76445.0,1,0,2,1,2,5,13,6,50,1410,0,9,1
36663.0,1,0,40,1,1,1,3,2,46,35,0,7,2
53843.0,0,1,64,4,8,5,3,7,56,562,0,8,3
90226.0,0,0,26,1,4,7,12,2,65,2352,1,9,1
70638.0,0,0,69,1,4,5,10,3,66,1334,1,8,1
44512.0,1,1,57,2,1,0,3,4,61,32,0,8,2
27116.0,1,1,78,2,2,0,3,7,60,41,0,7,2
54072.0,1,1,71,1,2,0,2,8,58,39,0,8,2
71855.0,0,1,59,4,5,5,11,3,44,1141,0,8,3
51250.0,1,0,28,5,10,5,4,9,31,710,1,8,0
60432.0,0,1,61,5,7,2,5,6,48,401,0,7,0
65526.0,0,1,22,1,4,4,8,2,57,506,0,7,1
68655.0,0,0,95,1,4,5,11,3,33,1538,0,9,1
12393.0,0,0,38,1,2,0,3,9,43,57,0,9,2
64509.0,0,0,19,1,6,3,9,4,31,1722,2,8,1
33955.0,1,0,92,4,5,1,5,8,46,270,0,8,2
31353.0,1,1,24,2,1,1,2,8,44,31,1,8,2
55434.0,1,0,21,3,5,3,13,4,37,882,0,8,3
28359.0,1,0,35,1,1,0,2,7,38,16,0,8,2
57100.0,1,0,9,2,3,2,7,3,34,311,0,7,2
69139.0,0,1,23,1,4,1,5,4,56,227,0,7,2
52973.0,0,1,92,7,9,6,9,8,65,1152,0,9,3
51717.0,0,1,55,1,3,0,4,7,56,122,1,8,2
18793.0,1,0,14,3,2,0,4,8,50,77,0,8,2
66664.0,0,0,78,1,5,7,6,3,39,1289,0,9,1
50664.0,1,1,64,9,8,1,6,9,62,561,0,8,0
54414.0,1,1,49,4,3,1,5,4,58,211,0,8,0
54549.0,0,1,8,2,5,1,4,7,69,233,0,7,0
47111.0,0,1,35,6,3,2,10,9,50,1092,0,9,0
41003.0,0,0,11,1,6,2,8,6,58,601,0,8,3
19444.0,1,0,8,3,4,1,2,7,39,54,1,7,2
36301.0,1,0,53,1,3,0,3,7,45,78,0,8,2
73059.0,0,1,36,1,9,3,13,4,74,1095,0,8,3
42731.0,1,0,64,3,4,1,5,5,52,244,0,8,2
52854.0,1,1,43,2,2,1,4,5,62,116,0,7,2
22775.0,1,0,40,1,1,0,2,8,43,15,0,8,2
46681.0,0,2,52,2,4,6,4,5,73,425,0,8,3
59821.0,0,1,11,6,11,2,7,8,66,734,0,8,3
50002.0,0,1,21,2,8,2,7,7,67,638,0,8,3
69755.0,0,0,23,1,3,6,12,1,76,894,0,8,1
44078.0,1,1,17,2,2,0,3,5,52,41,0,7,2
30560.0,1,0,6,1,1,0,3,7,45,31,0,8,2
35924.0,1,1,56,1,1,0,3,5,52,34,0,7,2
64140.0,0,2,71,5,2,5,6,5,57,1750,4,8,3
56386.0,1,1,51,8,9,1,7,9,40,612,0,9,0
24594.0,1,0,94,1,1,0,3,5,42,29,0,8,2
75774.0,1,0,27,1,7,5,8,4,40,823,0,7,1
39228.0,0,0,1,1,0,0,3,4,61,20,0,8,2
58494.0,0,1,56,2,6,2,6,6,47,396,0,8,0
58684.0,0,0,71,1,5,3,12,2,40,813,1,7,1
57136.0,0,0,18,1,7,5,7,6,54,1179,1,8,1
56551.0,1,1,48,3,2,1,4,4,71,138,0,7,2
22448.0,1,0,86,3,2,1,3,3,39,55,0,7,2
82014.0,0,0,48,1,3,6,12,6,60,1511,1,9,1
34213.0,1,1,2,3,3,1,2,9,58,117,1,9,0
157146.0,0,0,13,0,0,28,0,1,44,1730,0,8,1
25358.0,0,1,57,2,1,0,3,6,74,32,0,8,0
35544.0,1,0,77,1,2,0,3,7,43,67,0,7,2
36634.0,0,1,0,3,5,2,5,7,67,335,0,8,0
62670.0,0,1,57,1,5,3,13,3,67,825,0,7,3
50334.0,0,1,24,6,7,4,6,6,49,694,0,8,3
72066.0,0,0,55,1,4,6,6,2,40,1792,3,7,1
50729.0,1,1,62,9,6,2,7,6,63,496,0,8,0
34916.0,2,0,89,4,5,1,3,9,53,231,0,8,2
64892.0,0,1,77,2,6,4,12,4,45,902,0,7,3
43602.0,1,1,45,3,3,1,2,6,55,68,0,7,2
33996.0,0,0,46,1,1,1,3,4,32,71,0,8,2
41473.0,1,0,80,1,2,0,3,7,36,76,0,8,2
63246.0,0,2,60,1,6,3,12,4,54,772,0,8,3
36732.0,1,1,71,3,1,1,4,2,62,47,0,8,2
69084.0,1,0,43,2,7,3,13,8,51,1586,0,8,3
77766.0,0,1,97,2,11,10,11,6,54,1529,2,8,3
37929.0,0,0,49,2,4,2,5,7,36,265,3,8,2
86610.0,0,0,66,1,5,6,6,2,70,1603,0,8,1
80141.0,0,0,20,1,7,4,10,6,35,2091,2,8,1
72635.0,0,0,54,1,6,8,6,3,66,981,1,8,1
69016.0,0,1,61,4,8,9,13,5,51,1533,0,9,3
20193.0,0,0,18,1,1,1,4,4,30,82,0,9,2
27573.0,1,0,45,4,5,1,4,8,46,244,0,8,2
15862.0,1,0,26,1,1,0,3,8,42,36,0,8,2
49544.0,1,0,0,2,5,1,8,7,45,404,0,8,2
33228.0,1,0,28,1,2,0,3,7,41,71,0,7,2
70440.0,0,0,49,1,5,10,7,3,43,1572,1,8,1
38232.0,1,1,84,4,3,1,3,5,50,122,0,7,2
22554.0,1,1,38,4,2,0,4,5,66,41,0,9,0
23536.0,1,0,53,1,0,0,3,3,38,10,0,7,2
49413.0,0,1,88,2,4,2,5,5,69,304,0,8,0
42231.0,1,1,99,1,1,0,3,5,52,37,0,7,2
78789.0,0,0,12,1,4,6,5,2,41,1754,1,9,1
56534.0,0,1,35,4,10,4,7,8,53,815,3,8,3
58350.0,0,1,5,4,8,3,12,6,50,1001,0,8,3
81217.0,0,0,77,1,3,7,11,1,32,1157,0,8,1
49090.0,0,1,45,3,7,2,9,7,70,688,0,8,3
61787.0,0,0,71,1,8,4,6,5,34,1319,0,8,1
18169.0,1,0,40,1,1,0,2,8,36,21,0,8,2
24336.0,1,0,82,1,1,0,2,7,40,31,0,9,2
18222.0,0,0,70,1,2,0,3,8,31,67,0,9,2
62335.0,0,1,87,2,3,3,13,2,69,708,0,8,3
42033.0,1,1,95,1,1,0,2,7,50,25,0,9,2
86580.0,0,0,72,0,4,2,5,1,38,746,1,8,1
41437.0,1,1,5,1,1,0,3,7,64,32,0,9,2
73705.0,0,2,86,2,9,6,8,5,70,1695,0,7,3
61064.0,0,1,80,5,8,4,11,6,45,1080,0,9,3
38452.0,1,1,62,3,3,0,3,7,66,72,0,7,2
18358.0,1,0,49,3,3,0,4,7,32,57,0,8,2
55012.0,0,1,85,6,8,2,9,5,48,660,0,7,3
9722.0,1,0,7,4,3,1,3,8,48,103,1,9,2
38175.0,1,0,6,3,3,1,4,7,37,153,0,8,2
58656.0,0,1,25,4,7,8,13,6,65,1220,1,9,3
52117.0,0,1,55,2,5,2,4,7,56,279,0,9,0
64813.0,1,0,81,1,7,2,10,5,43,745,0,7,1
54222.0,0,1,98,1,3,3,5,3,48,264,0,7,2
83512.0,0,0,31,1,4,7,10,1,35,2157,5,7,1
77520.0,0,1,30,1,8,7,7,4,62,1526,4,8,1
41154.0,0,1,98,1,1,0,4,5,43,69,0,8,2
80398.0,0,0,92,1,5,8,12,3,55,1597,1,9,1
18746.0,1,0,41,2,3,0,3,6,29,64,0,7,2
35196.0,1,0,68,6,6,1,5,8,37,497,0,9,0
60230.0,0,1,78,2,6,3,6,5,65,1067,0,8,3
22108.0,1,1,46,2,2,0,3,7,44,31,0,7,2
44392.0,1,1,71,5,4,1,4,7,47,211,0,8,0
55424.0,0,1,6,4,7,5,9,6,45,877,2,9,3
17688.0,1,0,82,1,1,0,2,8,42,11,0,8,2
92491.0,0,0,71,1,7,5,12,3,38,2034,4,8,1
90273.0,0,0,32,1,5,6,7,2,30,1991,4,8,1
82571.0,0,0,28,0,6,5,13,2,59,1686,1,7,1
38513.0,1,0,20,5,6,1,5,8,39,324,1,7,2
16653.0,1,0,10,3,2,1,3,6,42,69,1,7,2
42586.0,1,1,7,5,4,1,6,8,66,252,1,9,0
23529.0,0,1,67,1,1,1,2,6,56,54,0,8,2
74881.0,1,1,48,4,9,2,12,5,60,964,0,8,3
71107.0,0,1,61,2,7,6,13,4,70,1327,0,8,3
46910.0,1,1,36,2,2,0,3,6,57,68,0,7,2
18690.0,0,0,77,1,1,1,2,8,62,60,0,9,2
37244.0,1,1,90,1,1,1,2,7,66,55,1,8,2
82427.0,0,0,35,1,3,5,12,1,55,1456,1,7,1
75342.0,0,1,38,1,5,2,10,4,63,563,0,8,3
70044.0,0,1,46,4,7,10,5,5,67,1504,0,8,3
79146.0,1,1,33,2,8,1,8,6,54,564,0,7,3
77437.0,0,0,70,1,4,5,13,1,58,1125,1,8,1
54984.0,0,1,51,4,6,1,6,7,62,358,1,7,0
42403.0,1,0,18,1,1,0,3,8,50,42,0,8,2
55761.0,0,1,97,2,4,1,3,6,57,184,1,7,2
37292.0,1,0,32,5,6,3,5,8,38,460,0,8,0
45576.0,0,0,9,1,3,1,3,8,76,145,1,7,2
70321.0,0,0,6,1,6,5,13,4,74,1376,1,8,1
58086.0,0,1,80,2,11,3,7,8,52,792,0,8,3
81795.0,0,0,74,1,4,11,7,2,69,1382,0,9,1
28389.0,0,0,49,1,1,0,2,7,74,28,0,9,2
66835.0,0,0,21,1,6,4,13,2,75,1033,0,8,1
69901.0,0,1,95,3,7,3,10,5,52,882,0,8,3
80360.0,0,0,56,2,4,4,5,2,72,2231,3,8,1
63342.0,0,1,48,3,8,3,5,6,60,1101,2,9,3
44989.0,0,1,26,5,5,1,5,6,47,369,0,9,0
31859.0,1,0,3,1,1,0,3,7,41,48,0,7,2
51569.0,0,1,39,4,7,1,7,8,72,467,2,8,3
30372.0,1,1,33,3,2,0,3,7,50,44,0,9,0
16014.0,1,1,42,4,1,1,4,3,42,38,0,8,2
41120.0,1,1,80,3,2,1,3,6,53,81,0,8,2
39763.0,1,0,9,2,5,1,2,9,50,167,1,8,2
38725.0,1,1,52,2,1,0,4,4,66,45,0,7,2
77981.0,1,0,78,3,7,4,7,5,49,664,0,8,3
62905.0,0,1,68,3,7,2,8,4,57,622,0,8,3
13533.0,1,0,45,2,2,0,3,7,42,48,0,8,2
59481.0,0,1,47,2,3,3,8,2,46,461,0,8,3
72117.0,0,1,34,1,9,7,9,5,44,1073,0,8,3
21955.0,1,0,81,2,2,1,3,6,35,55,0,8,2
67131.0,0,1,72,3,9,2,12,6,65,976,0,8,3
36802.0,1,0,23,1,1,0,3,5,41,20,0,7,2
71853.0,0,0,29,1,2,8,6,1,39,1149,0,8,1
28249.0,0,0,80,1,2,0,3,6,60,43,0,7,2
47808.0,0,1,30,2,3,2,3,7,46,224,1,8,2
25509.0,1,0,15,3,3,0,3,9,47,101,1,9,2
51012.0,0,0,86,1,4,1,4,6,75,209,0,8,2
70596.0,0,0,68,1,3,5,12,2,36,968,0,9,1
85431.0,0,0,54,1,2,7,7,0,69,1165,0,8,1
42664.0,0,1,44,1,1,0,3,6,54,24,0,7,2
42586.0,1,1,7,5,4,1,6,8,66,252,1,9,0
29760.0,1,0,87,4,3,1,4,8,36,165,0,9,2
28973.0,0,0,59,2,5,1,5,8,44,269,0,9,2
39435.0,1,0,16,1,3,1,2,7,48,102,0,8,2
65370.0,0,0,1,1,2,3,13,1,37,461,0,8,1
20194.0,1,0,64,2,2,0,3,6,42,47,0,9,2
42473.0,1,1,72,3,2,1,4,5,45,144,0,7,2
64590.0,0,0,98,1,9,4,10,6,53,1338,0,9,3
71232.0,0,1,91,2,11,2,10,7,62,917,0,8,3
34600.0,1,1,8,5,5,2,5,8,50,318,1,8,0
46904.0,1,1,20,4,5,1,4,8,54,253,0,9,0
49094.0,0,1,6,5,6,3,6,6,48,502,0,9,0
36075.0,1,0,54,1,2,0,4,6,38,119,0,8,2
60839.0,1,1,72,13,2,2,12,8,42,1250,0,9,0
77298.0,0,1,46,1,6,6,11,3,42,969,0,8,1
34026.0,1,1,11,3,2,1,3,5,71,76,0,8,0
48918.0,1,1,21,2,1,0,4,4,58,62,0,7,2
82122.0,0,0,89,1,3,9,13,1,59,1382,1,8,1
37697.0,1,0,82,1,2,1,3,6,45,84,0,7,2
34074.0,1,1,69,5,3,3,3,6,69,255,1,8,0
28520.0,1,1,55,1,1,1,2,6,61,43,0,8,2
62535.0,0,1,13,1,3,2,8,3,66,398,0,8,3
36273.0,1,0,80,2,3,0,3,6,44,76,0,7,2
63404.0,0,2,97,2,6,3,4,4,57,902,1,7,3
75774.0,1,0,27,1,7,5,8,4,40,823,0,7,1
78416.0,0,1,99,2,7,7,10,3,45,1179,0,7,1
75702.0,0,1,87,1,10,5,13,6,47,1921,1,9,3
59385.0,1,1,85,2,3,1,4,5,70,185,0,8,0
37070.0,1,1,30,9,5,1,8,7,55,433,1,8,0
44689.0,1,1,82,2,1,1,2,7,70,34,1,7,2
53977.0,0,1,21,5,5,5,12,5,63,907,0,8,3
7144.0,0,2,92,0,23,1,1,0,55,416,0,8,3
18701.0,1,1,95,4,2,0,4,5,57,44,0,8,0
90369.0,0,0,2,1,4,6,6,1,65,1588,1,7,1
63159.0,0,0,74,1,3,5,8,3,47,1797,1,9,1
37758.0,1,1,49,2,1,0,3,8,55,40,0,9,2
46757.0,0,1,71,6,4,4,7,9,58,1143,0,9,0
79734.0,0,0,72,1,4,3,6,1,52,914,1,7,1
63207.0,0,0,68,1,2,3,6,7,29,1502,1,8,1
72071.0,0,1,4,3,5,4,8,2,67,1338,0,8,3
21840.0,1,0,80,1,1,0,3,9,38,27,0,8,2
58582.0,0,1,15,2,9,2,9,5,39,763,1,8,3
72282.0,0,0,70,1,5,7,9,7,70,1331,1,8,1
50387.0,0,2,91,3,6,2,8,5,65,525,0,8,3
32583.0,1,1,10,1,1,0,2,7,60,9,0,7,2
62568.0,0,1,99,3,5,3,5,4,59,953,1,7,3
44635.0,1,1,25,2,2,0,3,7,50,68,0,8,2
33316.0,1,1,34,3,2,1,4,6,50,131,0,8,2
63967.0,0,1,57,3,4,4,12,2,53,882,0,8,3
52513.0,0,0,84,2,9,5,9,7,43,1149,0,9,3
25293.0,1,0,51,1,1,1,2,8,52,37,0,8,2
54111.0,0,1,97,2,5,2,6,5,56,388,0,8,3
78394.0,0,0,13,1,4,6,5,2,35,1428,1,8,1
80739.0,0,0,92,1,3,11,9,1,63,1633,0,8,1
22669.0,1,0,30,3,4,1,2,9,46,173,1,8,2
29236.0,1,0,30,2,4,0,3,9,34,99,0,8,2
44911.0,0,1,11,3,4,1,4,7,62,215,0,8,0
54693.0,0,1,72,8,6,4,13,6,59,929,0,8,3
48186.0,1,0,39,3,4,1,4,7,47,219,0,7,2
54809.0,1,1,0,4,2,1,5,4,44,174,1,8,2
41580.0,1,1,15,3,2,1,3,5,43,92,0,9,2
80336.0,0,0,12,1,2,9,13,1,51,1052,0,8,1
47743.0,0,1,56,3,4,1,6,6,64,275,1,8,0
62972.0,0,1,39,2,7,4,3,6,66,587,0,9,3
57333.0,0,1,55,11,8,5,9,6,67,1662,1,9,3
32313.0,1,0,60,3,4,0,4,9,39,159,0,8,2
84953.0,0,0,73,1,3,10,4,2,68,1024,4,8,1
27071.0,1,0,90,2,2,0,3,6,53,35,0,7,2
68148.0,0,0,86,1,4,4,6,2,64,1042,0,8,1
65735.0,1,1,37,5,6,2,6,7,56,395,0,8,0
86836.0,0,0,7,1,6,10,6,5,46,557,4,9,1
4023.0,1,1,29,15,0,0,0,19,58,9,0,7,0
30093.0,0,0,19,1,2,0,3,7,31,69,0,8,2
57705.0,0,1,14,3,8,1,6,6,55,486,0,7,3
25008.0,1,0,72,2,1,0,3,8,33,34,0,7,2
83257.0,0,0,56,1,5,10,12,6,26,1365,3,9,1
22280.0,1,0,85,1,1,0,2,8,46,13,0,8,2
72159.0,0,0,62,1,4,6,10,2,43,1401,0,9,1
64260.0,0,0,1,1,4,5,4,3,60,1574,1,8,1
82733.0,0,0,28,1,8,4,7,4,37,1323,1,8,1
74290.0,0,1,70,4,10,8,10,6,50,1217,2,8,3
58217.0,2,1,84,1,2,0,4,6,70,103,0,9,0
21024.0,0,0,89,1,2,0,4,7,45,84,0,8,2
70116.0,0,0,73,1,2,8,12,1,49,1536,0,8,1
54006.0,1,0,42,2,8,1,7,7,36,581,0,9,0
69063.0,0,1,16,1,5,3,5,3,55,928,0,9,3
11448.0,0,0,16,1,1,0,2,6,46,14,0,8,2
61825.0,0,1,56,1,4,2,8,4,42,424,0,8,3
70886.0,1,0,65,1,5,4,4,2,50,960,0,8,1
69109.0,0,0,10,1,6,6,7,4,39,1555,2,9,1
60208.0,1,1,13,11,8,3,7,7,48,656,2,9,0
32889.0,1,1,78,3,2,1,3,5,53,55,0,8,2
34738.0,1,0,51,1,1,0,3,6,37,20,0,7,2
30538.0,1,0,27,4,9,0,4,10,50,367,0,9,0
82326.0,0,0,30,1,5,10,6,2,44,2257,4,7,1
26642.0,1,0,71,2,2,0,3,6,54,42,0,7,2
69932.0,0,1,97,2,7,6,11,4,57,1049,0,8,3
44503.0,1,1,83,2,2,0,3,6,49,48,0,7,2
60200.0,0,1,3,6,6,2,11,6,73,685,0,8,3
49638.0,0,1,71,1,1,0,3,2,69,39,0,7,2
23830.0,0,0,3,1,1,0,3,7,34,43,0,7,2
33051.0,0,0,15,3,9,1,8,9,62,835,1,9,3
72905.0,0,0,52,1,3,7,9,1,63,1515,1,7,1
69702.0,0,1,8,2,7,7,10,4,70,1039,0,8,3
70300.0,1,0,89,3,5,5,13,8,46,1596,0,8,3
70643.0,0,0,66,1,5,8,4,6,37,1828,1,9,1
30396.0,1,0,22,2,1,1,2,7,52,34,2,7,2
50616.0,0,1,56,2,4,0,4,7,53,149,0,7,2
62772.0,0,1,74,1,5,6,11,2,52,946,1,8,1
30298.0,0,0,48,1,1,1,3,3,36,28,0,7,2
52413.0,1,0,67,2,7,1,7,7,37,450,0,9,0
44155.0,1,1,24,1,1,1,2,4,64,46,0,7,2
86979.0,0,0,67,1,5,5,5,2,50,1702,2,8,1
76532.0,1,1,38,4,9,5,7,5,46,820,0,8,3
42081.0,1,0,86,2,6,3,4,6,39,382,1,8,2
67546.0,0,0,90,1,4,10,5,3,33,2126,0,9,1
88420.0,0,0,87,1,4,7,8,1,32,2069,3,7,1
31158.0,1,0,62,2,2,0,3,8,36,72,0,8,2
61671.0,0,1,23,8,10,4,6,8,53,732,2,7,3
69719.0,0,0,99,1,2,3,5,1,47,801,0,7,1
49160.0,0,1,29,2,3,1,6,6,72,236,0,8,0
24882.0,1,0,52,1,1,1,2,6,43,80,1,9,2
90933.0,0,0,90,1,4,6,4,1,67,1685,1,7,1
113734.0,0,0,9,0,27,0,0,1,76,277,0,7,3
59292.0,0,1,71,2,3,5,8,3,71,507,0,8,3
45759.0,1,1,13,2,2,0,3,7,57,68,0,8,2
22148.0,0,0,16,1,1,0,3,7,38,49,0,7,2
73395.0,0,0,94,1,4,4,6,2,34,397,0,7,1
29819.0,1,0,77,3,3,0,3,6,50,39,0,8,2
45688.0,0,1,20,2,3,1,8,4,53,306,1,7,3
62820.0,0,0,51,1,3,4,6,1,67,976,0,8,1
60491.0,0,1,81,4,6,11,7,5,50,1028,0,8,3
33235.0,1,0,71,1,3,0,3,7,35,70,0,7,2
35701.0,0,0,36,1,1,0,3,6,62,46,0,8,2
31535.0,1,0,95,1,1,1,2,7,41,51,1,8,2
92556.0,0,0,32,0,3,5,13,0,61,1263,0,7,1
67384.0,0,1,32,2,7,8,5,5,51,1490,1,9,3
80573.0,0,0,85,1,4,6,13,2,50,1564,0,9,1
77870.0,0,1,93,3,5,5,5,8,54,1815,3,9,3
52278.0,0,1,24,6,10,5,10,8,58,1198,0,8,3
57107.0,0,1,44,7,4,4,8,8,53,416,3,9,3
18929.0,0,0,15,1,1,0,4,6,31,85,0,8,2
36038.0,1,0,82,2,3,0,3,6,40,47,0,8,2
20180.0,0,0,27,1,2,1,4,7,45,137,0,8,2
34230.0,1,1,72,1,1,0,2,7,56,21,0,9,2
31878.0,0,1,7,1,1,0,4,3,44,70,0,7,2
70932.0,0,1,57,2,6,2,12,3,49,909,0,7,3
91249.0,0,0,84,0,7,9,6,4,65,1676,5,9,1
77598.0,0,0,53,1,7,5,13,3,78,1735,1,8,1
80982.0,1,1,48,3,11,5,11,5,62,1191,0,8,3
22701.0,1,0,2,1,1,0,3,5,44,24,0,8,2
55212.0,0,1,65,3,4,2,11,8,52,1182,2,9,3
70617.0,0,0,45,1,3,3,7,2,51,1280,0,8,1
64849.0,0,0,42,1,9,3,6,5,64,1336,1,9,3
62694.0,1,1,29,5,9,3,7,7,56,749,0,8,0
61917.0,1,1,83,1,2,0,4,5,47,91,0,8,2
67472.0,0,1,93,2,4,2,7,3,74,414,0,8,3
21059.0,1,0,40,3,3,0,3,6,39,44,0,7,2
29543.0,2,0,47,2,3,1,2,7,53,63,0,7,2
75903.0,0,1,50,2,6,6,9,3,70,901,0,8,3
34984.0,1,1,40,2,1,0,3,7,46,38,0,9,2
54998.0,0,1,3,5,4,2,9,4,65,455,1,8,3
54356.0,0,1,62,3,11,2,8,8,72,775,1,9,3
34242.0,0,1,25,1,0,0,3,5,62,15,0,7,2
25410.0,1,0,48,1,1,0,4,4,48,38,0,8,2
73356.0,0,0,56,1,5,11,5,2,37,1512,4,7,1
28320.0,0,1,68,1,1,0,3,8,71,43,0,8,2
23763.0,1,0,64,1,1,0,3,7,44,42,0,9,2
72570.0,0,0,67,1,4,6,12,1,37,1089,0,7,1
34529.0,1,0,94,2,2,2,3,7,45,162,0,9,2
70792.0,0,0,82,2,3,4,10,3,70,1272,0,8,1
63211.0,0,0,3,2,3,8,7,2,39,1173,1,9,1
83891.0,0,1,24,1,4,7,10,1,47,816,0,7,1
36065.0,1,1,54,3,3,0,3,8,53,74,0,8,0
39898.0,0,1,20,2,3,0,4,7,67,134,0,8,0
51141.0,0,0,96,1,3,1,4,5,81,157,0,8,2
56939.0,0,1,19,2,3,3,10,3,45,561,0,8,3
80872.0,0,0,60,1,4,4,10,1,70,1336,0,7,1
72335.0,0,0,2,1,10,4,8,8,45,2092,1,9,3
61798.0,0,0,13,1,4,2,9,4,57,463,0,8,1
76842.0,0,0,37,1,1,8,7,0,71,1130,0,7,1
29478.0,1,0,59,1,1,0,3,6,45,20,0,7,2
46998.0,0,1,55,5,5,3,5,7,65,377,1,9,0
96843.0,0,0,60,1,6,11,10,2,31,1544,2,8,1
56551.0,1,1,48,3,2,1,4,4,71,138,0,7,2
70053.0,0,1,38,3,8,5,10,5,56,1012,0,8,3
71670.0,0,0,8,1,5,3,6,6,59,1766,4,8,1
44359.0,1,1,19,3,2,0,4,3,43,45,0,7,2
40887.0,1,1,32,3,3,1,3,9,69,161,1,8,0
48877.0,0,1,27,1,3,0,4,7,55,144,0,7,2
74485.0,0,0,58,1,6,7,12,3,74,1734,0,8,1
64474.0,0,1,59,2,8,2,10,5,49,823,0,8,3
77226.0,0,1,29,2,6,8,12,3,58,1138,0,7,1
72643.0,0,0,60,1,3,10,7,2,72,1429,2,8,1
85738.0,0,0,41,1,3,6,11,1,43,1371,2,7,1
55686.0,0,1,27,2,6,3,5,4,55,982,1,8,3
39062.0,1,0,28,1,1,0,3,4,38,44,1,7,2
34600.0,1,1,8,5,5,2,5,8,50,318,1,8,0
40794.0,0,1,18,2,6,3,5,7,46,434,0,8,0
54690.0,1,1,76,3,3,1,5,3,50,198,0,8,0
4428.0,0,1,0,0,25,0,0,1,52,359,0,8,3
32632.0,0,0,32,2,4,4,8,5,58,576,0,9,3
38236.0,1,1,2,4,3,0,4,7,53,88,0,8,0
36781.0,1,0,16,1,2,1,2,8,42,63,1,7,2
31385.0,1,0,56,1,1,0,2,8,37,27,2,9,2
24570.0,1,0,97,3,4,0,4,9,37,193,0,8,2
25509.0,1,0,15,3,3,0,3,9,47,101,1,9,2
94642.0,0,0,35,0,5,7,9,1,70,2211,2,7,1
58646.0,0,1,3,1,2,1,4,4,59,140,0,8,2
53201.0,1,1,49,8,6,3,5,7,46,415,0,8,0
21994.0,0,1,4,1,0,0,3,5,64,22,0,9,2
57113.0,1,1,45,6,4,1,5,7,43,263,0,8,0
51373.0,0,0,37,1,3,5,3,4,30,393,0,8,2
23477.0,1,0,39,3,3,0,4,8,35,147,0,8,2
58116.0,0,1,38,2,3,3,8,2,65,443,0,7,3
72968.0,0,0,8,1,5,5,8,3,58,1958,2,8,1
39791.0,0,1,89,2,3,1,4,7,50,174,0,8,0
91712.0,0,0,47,0,9,7,11,3,74,2217,2,8,1
94472.0,0,1,75,1,5,5,5,5,63,1691,2,7,1
13672.0,1,1,86,2,1,0,3,8,61,25,0,8,2
96547.0,0,0,4,0,7,6,8,2,41,809,4,7,1
79205.0,0,0,73,1,6,5,4,4,46,895,2,9,1
56559.0,0,1,46,3,4,3,8,4,46,484,0,9,3
32644.0,1,0,38,4,7,1,6,8,48,413,1,8,0
67506.0,0,1,73,1,4,1,6,3,41,331,0,7,2
24206.0,1,0,66,1,1,0,3,6,51,25,0,8,2
28420.0,1,0,36,1,1,0,2,6,54,13,0,8,2
22979.0,1,0,29,3,3,2,2,8,51,115,1,9,2
33279.0,0,0,29,1,0,0,3,3,55,16,0,7,2
46423.0,1,1,6,3,2,0,4,7,49,92,0,8,2
30368.0,0,1,97,2,2,0,3,8,44,52,0,8,2
63684.0,0,1,61,3,8,4,8,5,51,1464,0,9,3
41638.0,0,1,68,4,5,5,3,8,57,441,1,8,0
68805.0,0,1,73,1,3,1,7,2,62,283,0,8,3
65814.0,0,1,90,3,8,2,10,5,55,747,0,7,3
71964.0,0,0,81,1,5,6,5,3,63,1870,0,8,1
39146.0,1,0,1,3,4,0,4,8,35,165,0,8,2
96876.0,0,0,79,1,7,7,9,2,44,1941,4,8,1
34445.0,0,0,92,6,11,2,8,9,40,839,0,8,0
68281.0,0,0,31,1,2,9,13,5,63,1655,1,9,1
37284.0,1,1,46,1,0,0,3,6,46,23,0,8,2
36790.0,0,0,14,1,2,1,2,9,38,66,1,8,2
27943.0,1,1,89,3,2,0,3,8,54,37,0,8,2
22263.0,1,1,31,2,1,0,3,6,70,21,0,7,2
30261.0,1,2,75,1,0,0,3,8,49,22,0,9,0
28587.0,1,0,42,3,2,0,4,6,43,78,0,7,2
43815.0,1,0,53,1,2,0,3,6,39,79,0,8,2
48195.0,1,1,53,6,4,2,5,6,65,265,0,7,0
77027.0,0,1,23,2,8,3,6,4,69,1175,0,7,3
71322.0,0,1,57,2,8,5,13,4,56,1305,0,8,3
32765.0,1,0,49,2,2,0,4,5,42,46,0,7,2
29672.0,1,1,6,1,0,0,3,6,56,25,0,8,2
23272.0,0,0,29,1,1,0,3,4,68,46,0,8,2
49912.0,0,1,5,4,10,5,7,8,72,874,2,9,3
7500.0,1,0,98,4,2,1,3,9,36,100,0,9,2
68117.0,0,1,80,2,11,8,4,6,74,930,2,8,3
67225.0,0,1,4,3,7,2,11,5,66,868,0,8,3
17649.0,1,0,70,3,3,0,3,8,45,45,0,8,2
55914.0,0,1,32,4,11,6,8,7,46,1260,0,8,3
40059.0,1,0,82,1,6,2,3,8,37,414,1,8,2
60905.0,0,1,27,2,3,3,7,2,71,392,0,8,3
75330.0,1,1,94,4,10,3,12,6,44,1109,0,9,3
60689.0,0,1,23,4,4,4,10,3,70,639,0,8,3
38680.0,1,0,97,1,2,0,3,7,37,79,0,8,2
61416.0,0,0,25,1,10,3,10,6,39,1665,1,8,1
49767.0,0,0,92,1,5,4,8,4,30,692,0,8,1
83273.0,1,2,98,10,4,6,9,7,51,1392,0,9,3
29009.0,1,0,19,2,2,0,3,6,40,44,0,8,2
45057.0,1,0,80,1,2,0,3,5,42,50,0,8,2
37150.0,1,0,80,8,4,3,6,7,50,467,0,9,0
43020.0,1,0,79,3,4,1,4,6,51,223,0,8,2
53154.0,0,1,50,1,3,1,4,4,62,158,0,7,2
65308.0,0,0,60,1,7,8,12,4,48,1211,2,8,1
76467.0,1,0,44,2,2,5,5,6,51,1575,1,9,3
81044.0,0,0,0,1,5,6,10,1,74,1208,0,8,1
32871.0,1,1,28,1,1,0,3,4,70,43,0,8,2
55801.0,1,1,35,6,7,2,6,7,46,527,1,8,0
76320.0,0,1,49,2,6,3,4,2,62,932,0,7,3
36927.0,1,1,46,2,3,0,3,8,66,71,0,7,2
48794.0,1,1,97,1,1,0,3,4,68,54,0,7,2
23478.0,0,0,51,1,3,0,3,8,56,129,0,8,2
71128.0,1,0,80,3,2,10,12,7,48,1615,0,9,3
70179.0,0,1,10,3,7,3,13,5,45,1034,0,8,3
59462.0,0,1,29,2,9,2,12,7,71,1088,0,8,3
52247.25135379061,1,1,52,7,4,10,4,3,52,721,0,8,3
38361.0,1,0,74,3,3,1,3,7,52,137,0,8,2
52247.25135379061,1,0,82,2,3,0,3,6,40,47,0,8,2
70038.0,0,0,54,1,4,4,8,2,39,1244,0,8,1
42554.0,1,1,93,2,2,0,3,4,43,41,0,8,2
67445.0,0,1,63,5,9,6,12,6,47,1174,0,9,3
67046.0,0,1,92,2,4,5,4,2,70,993,0,8,3
42192.0,0,0,40,1,2,1,3,4,73,100,0,8,2
77610.0,0,1,70,2,4,7,4,7,69,1680,0,9,3
31761.0,1,0,96,2,3,0,4,5,37,98,0,7,2
34350.0,1,0,81,1,1,0,3,7,42,48,0,8,2
54591.0,0,1,63,3,6,2,8,5,72,519,0,8,3
71866.0,0,1,85,1,6,3,10,3,65,715,0,8,3
25293.0,1,0,51,1,1,1,2,8,52,37,0,8,2
42000.0,0,0,23,2,5,2,11,5,34,653,1,8,1
69520.0,0,0,95,1,9,6,5,5,38,1455,0,8,1
64713.0,1,0,11,2,5,5,7,4,51,602,1,7,1
27889.0,1,0,42,1,1,1,2,6,44,26,0,8,2
22123.0,0,0,77,1,2,1,3,5,61,102,0,7,2
52247.25135379061,1,1,82,4,2,1,3,8,50,97,0,8,0
52247.25135379061,0,1,83,2,4,1,4,6,67,207,0,8,0
27803.0,1,0,40,2,3,0,4,8,48,176,0,9,2
52247.25135379061,0,1,95,3,6,1,5,7,66,450,0,8,0
51651.0,0,1,32,4,6,2,5,8,61,433,0,9,0
68487.0,0,0,48,1,9,7,13,4,33,1366,0,8,1
52247.25135379061,0,0,75,1,5,5,11,1,78,1564,2,8,1
56796.0,0,1,24,3,8,9,7,7,52,1001,0,8,3
87000.0,0,0,61,1,4,6,7,2,29,961,0,9,1
79823.0,0,1,6,1,6,9,7,2,62,1518,1,7,1
30828.0,1,0,16,2,1,1,4,3,41,56,0,8,2
34109.0,0,1,39,1,0,0,3,4,50,22,0,8,2
53367.0,1,1,2,7,5,1,8,7,47,400,1,8,0
22390.0,0,0,49,1,1,0,2,7,52,26,0,8,2
71322.0,0,1,31,1,4,1,7,2,45,350,0,7,1
79244.0,0,0,58,1,4,10,7,1,28,1216,3,9,1
49912.0,0,1,5,4,10,5,7,8,72,874,2,9,3
48699.0,1,1,90,1,1,0,3,5,71,40,0,8,2
80144.0,0,0,47,1,3,7,8,1,46,1367,0,8,1
54252.0,1,1,25,5,4,1,5,6,65,264,0,8,0
81929.0,1,0,60,2,4,4,10,6,45,2053,3,9,1
76068.0,0,1,67,1,2,3,4,6,46,1376,2,9,3
53204.0,1,1,40,1,1,0,3,4,45,45,0,7,2
67911.0,0,1,63,3,6,7,11,3,72,976,0,7,3
14796.0,1,0,1,2,1,0,3,9,37,51,1,9,2
78128.0,0,1,89,2,8,4,6,3,47,1264,2,7,1
14188.0,0,0,40,1,2,0,4,6,49,75,0,8,2
20425.0,1,0,5,2,2,0,3,7,35,57,0,9,2
58646.0,0,1,3,1,2,1,4,4,59,140,0,8,2
72967.0,0,1,1,2,7,2,8,5,51,497,2,9,3
48150.0,0,1,24,3,5,1,4,7,72,266,0,8,0
82332.0,0,0,89,1,5,3,12,2,60,2006,2,9,1
58275.0,1,1,48,6,8,2,7,7,66,615,0,8,0
44953.0,0,0,31,1,7,3,13,6,40,1021,1,9,3
34587.0,1,1,68,2,1,0,3,4,68,22,0,7,2
43018.0,0,1,46,1,2,2,2,5,47,133,0,8,2
45736.0,0,1,92,5,7,1,6,7,67,437,0,8,0
66476.0,0,1,80,2,6,8,10,4,52,1013,0,8,3
27733.0,1,0,16,2,2,0,3,7,40,57,0,8,2
69805.0,0,1,50,2,6,8,11,2,69,1038,0,7,1
72217.0,0,0,93,1,3,10,8,2,59,1573,0,8,1
25818.0,1,0,51,1,0,1,2,7,50,28,0,9,2
37509.0,1,0,24,2,3,0,4,7,45,123,0,9,2
25176.0,1,1,79,1,1,0,2,7,45,13,0,8,2
43586.0,0,1,26,3,3,0,4,8,41,132,0,9,0
53230.0,0,1,86,4,5,2,12,5,65,732,0,9,3
50116.0,1,1,68,2,1,0,4,5,64,66,1,7,2
84906.0,0,0,98,1,5,6,12,2,49,1631,3,8,1
61286.0,0,1,34,2,7,1,8,5,55,608,0,8,3
82333.0,0,0,60,1,4,3,10,2,35,1822,2,8,1
65220.0,0,0,3,4,8,4,7,6,56,1282,1,9,3
33590.0,2,1,65,1,1,0,2,7,47,8,0,8,2
30992.0,1,0,83,1,1,0,3,7,45,43,0,8,2
72309.0,0,0,64,1,5,6,8,3,45,1931,2,8,1
156924.0,0,0,85,0,0,0,0,0,72,8,0,8,1
16005.0,1,0,69,3,2,1,2,8,41,103,0,9,2
65487.0,0,0,48,3,3,5,6,2,64,1169,0,7,1
58692.0,0,1,21,1,8,2,4,7,56,395,0,7,0
40590.0,1,1,30,5,3,4,3,6,52,258,1,8,0
20587.0,1,0,39,1,1,1,2,7,51,25,0,7,2
62637.0,0,1,76,1,2,2,5,2,67,185,0,7,2
29435.0,1,1,11,4,3,2,2,9,55,180,1,9,0
19346.0,1,0,26,1,1,0,3,8,47,22,0,7,2
35788.0,1,1,34,2,2,0,3,6,50,44,0,7,2
36997.0,1,1,72,5,2,1,4,5,53,94,0,8,0
23539.0,0,0,13,1,2,0,4,6,64,81,0,7,2
65333.0,0,1,58,7,9,4,8,6,48,798,2,7,3
78499.0,0,0,12,1,11,3,4,4,64,1334,2,8,1
29732.0,1,0,23,1,2,0,2,9,50,38,0,7,2
41275.0,1,2,33,4,3,1,3,5,61,61,0,7,0
63516.0,1,1,30,4,4,1,7,5,48,300,0,8,0
42769.0,0,1,15,2,1,1,4,4,59,88,0,8,2
49572.0,1,1,25,2,2,0,3,7,63,54,0,8,2
69209.0,0,0,4,2,5,3,6,4,49,1782,1,9,1
17148.0,1,0,80,4,3,1,3,8,45,68,0,7,2
40590.0,1,1,30,5,3,4,3,6,52,258,1,8,0
30560.0,1,0,6,1,1,0,3,7,45,31,0,8,2
32146.0,1,0,16,2,2,0,4,6,38,66,0,7,2
41713.0,1,1,57,5,3,1,4,6,57,174,0,7,0
34176.0,0,1,9,1,1,0,3,3,46,28,0,7,2
58482.0,0,1,59,2,7,4,9,6,66,731,1,7,3
59686.0,0,1,78,1,4,1,6,4,56,274,0,7,2
60896.0,0,1,90,3,9,10,4,6,57,1701,1,9,3
62994.0,1,0,74,1,6,2,4,6,41,312,0,7,2
47320.0,0,1,10,6,5,1,8,6,64,414,0,8,0
74859.0,0,0,63,1,6,5,11,3,72,1565,1,8,1
15253.0,1,0,13,2,1,0,3,7,29,29,0,8,2
31560.0,1,0,98,2,2,1,3,8,47,94,0,8,2
72071.0,0,1,4,3,5,4,8,2,67,1338,0,8,3
91172.0,0,0,94,0,4,3,7,3,31,1092,5,8,1
90000.0,0,0,91,1,4,8,5,1,37,1479,3,8,1
41967.0,1,1,66,1,1,0,3,4,40,54,0,8,2
69263.0,0,1,14,1,9,1,7,6,56,568,1,7,3
65706.0,0,0,77,1,11,3,12,7,51,1199,4,8,1
60934.0,0,1,41,2,6,4,11,4,46,873,0,7,3
71965.0,0,1,21,3,6,3,5,3,70,1213,0,8,3
65210.0,0,1,25,2,9,3,8,6,66,731,2,7,3
79174.0,0,0,2,1,5,6,7,2,46,2043,3,8,1
81380.0,0,0,51,1,4,2,10,2,54,1893,0,9,1
48432.0,0,1,3,5,7,1,6,8,48,424,0,9,0
52914.0,0,1,32,2,7,3,3,7,50,575,1,8,3
38946.0,0,1,84,2,3,1,6,5,66,257,0,8,0
26067.0,1,0,49,3,3,0,3,8,47,56,0,8,2
44325.0,0,1,69,4,8,2,7,8,49,542,1,8,0
42523.0,0,0,96,1,1,1,4,2,57,125,0,7,2
26487.0,1,0,23,3,2,1,3,5,43,69,0,8,2
53233.0,0,1,18,1,1,0,3,4,64,40,0,7,2
67716.0,0,1,8,4,7,4,13,5,61,1016,1,8,3
76234.0,0,1,21,1,8,3,11,3,49,907,1,7,1
84117.0,0,0,60,1,7,10,6,2,65,1566,1,7,1
65487.0,0,0,48,3,3,5,6,2,64,1169,0,7,1
25224.0,1,0,36,2,1,1,3,3,49,46,0,7,2
89616.0,0,0,36,1,7,5,12,2,38,1644,1,8,1
40851.0,1,1,63,1,1,1,2,7,50,59,0,8,2
27469.0,0,0,2,1,0,0,3,6,74,17,0,9,2
82347.0,0,0,38,1,7,7,10,3,64,1853,3,9,1
73803.0,0,1,61,2,9,5,6,6,64,1528,2,9,3
8820.0,1,1,52,4,3,0,3,8,69,35,0,8,0
43322.0,0,0,25,1,3,0,4,7,47,141,0,7,2
55593.0,0,1,63,2,6,6,3,6,48,546,1,8,3
50501.0,1,1,10,7,5,4,4,6,67,500,2,8,0
37085.0,1,1,65,4,3,0,3,8,46,61,0,7,2
16185.0,1,0,71,2,2,2,2,8,31,106,0,8,2
57731.0,0,1,0,4,8,8,6,6,52,704,0,9,3
48432.0,0,1,3,5,7,1,6,8,48,424,1,9,0
73807.0,0,1,88,2,5,5,11,2,43,849,0,8,3
18929.0,0,0,15,1,1,0,4,6,31,85,0,8,2
35893.0,1,1,80,6,3,1,5,8,53,199,0,9,0
61014.0,0,1,17,4,9,3,4,7,41,1147,0,9,3
32144.0,1,1,76,4,2,1,3,7,67,54,1,7,0
14918.0,0,1,52,1,1,0,3,6,58,43,0,9,2
45146.0,1,1,28,2,1,1,2,4,58,53,0,8,2
41769.0,0,1,31,6,8,1,7,8,66,521,0,8,0
88325.0,0,0,42,1,6,2,9,2,40,1623,0,7,1
38054.0,1,1,24,2,2,0,3,7,71,45,0,7,2
80617.0,0,0,42,1,4,6,8,2,26,1435,0,9,1
5305.0,0,1,12,0,1,0,0,13,45,32,0,8,2
36807.0,1,1,88,1,1,0,2,6,67,16,0,9,2
28427.0,1,0,67,2,2,0,3,8,38,52,0,8,2
82032.0,0,0,54,0,4,6,7,1,73,1234,0,7,1
22775.0,1,0,40,1,1,0,2,8,43,15,0,8,2
40101.0,1,0,73,4,6,1,6,7,36,415,0,9,0
58025.0,0,1,81,3,3,2,10,4,42,470,0,8,3
75777.0,0,0,12,1,3,6,11,1,39,1438,3,8,1
7500.0,1,0,7,4,3,2,2,7,42,53,0,8,2
33562.0,1,2,33,3,2,0,4,4,58,51,0,7,0
57642.0,0,1,24,3,7,6,6,4,51,679,1,7,3
58554.0,1,1,55,6,8,2,6,7,53,586,0,9,0
63777.0,1,1,87,8,11,1,6,8,42,653,0,8,0
57967.0,0,1,39,5,4,2,8,5,59,468,0,8,3
52247.25135379061,0,0,53,0,0,0,1,0,43,1679,1,9,1
24434.0,2,0,9,2,2,1,2,7,49,50,0,7,2
11012.0,1,0,82,3,3,1,2,9,37,84,1,8,2
44802.0,0,0,71,2,9,4,12,8,51,1049,0,9,3
26816.0,0,0,50,1,0,0,3,4,35,22,0,9,2
666666.0,1,0,23,4,3,1,3,6,44,62,0,8,1
34421.0,1,0,81,1,1,0,2,7,47,30,0,8,2
61223.0,0,1,46,2,9,3,4,5,54,1341,0,8,3
64014.0,2,1,56,7,8,2,5,7,75,444,1,7,0
56981.0,0,0,91,1,2,3,13,6,40,1241,1,7,1
69245.0,0,1,8,2,6,5,10,3,65,843,0,7,3
52869.0,1,1,40,3,3,1,4,7,67,172,1,9,0
